filename,channels,width,height,class,xmin,ymin,xmax,ymax
2007_005144.jpg,3,332,500,person,1,12,331,500
2007_005989.jpg,3,500,375,motorbike,140,130,408,273
2007_005989.jpg,3,500,375,person,213,96,355,260
2007_002107.jpg,3,500,375,aeroplane,408,243,449,257
2007_000822.jpg,3,500,374,motorbike,98,165,230,346
2007_000822.jpg,3,500,374,motorbike,231,168,353,323
2007_006841.jpg,3,500,316,cow,1,155,79,271
2007_006841.jpg,3,500,316,cow,102,152,181,244
2007_006841.jpg,3,500,316,cow,74,136,196,271
2007_006841.jpg,3,500,316,cow,196,147,376,307
2007_006841.jpg,3,500,316,cow,312,149,483,268
2007_006841.jpg,3,500,316,person,386,106,436,284
2007_006841.jpg,3,500,316,person,489,118,500,216
2007_003506.jpg,3,500,332,pottedplant,63,42,261,287
2007_003778.jpg,3,500,500,cat,38,67,443,466
2007_003778.jpg,3,500,500,pottedplant,55,75,221,256
2007_003778.jpg,3,500,500,pottedplant,380,94,496,270
2007_003778.jpg,3,500,500,pottedplant,432,54,500,289
2007_001717.jpg,3,500,404,tvmonitor,1,111,58,169
2007_001717.jpg,3,500,404,person,371,160,476,404
2007_001717.jpg,3,500,404,person,227,99,365,404
2007_001717.jpg,3,500,404,chair,146,207,263,366
2007_003195.jpg,3,500,333,bus,167,149,321,276
2007_003195.jpg,3,500,333,car,327,227,474,269
2007_009592.jpg,3,360,270,dog,100,100,240,270
2007_009592.jpg,3,360,270,sofa,51,128,264,270
2007_005430.jpg,3,500,375,bottle,192,181,219,215
2007_005430.jpg,3,500,375,bicycle,110,127,295,266
2007_005430.jpg,3,500,375,person,213,30,356,284
2007_004197.jpg,3,500,334,person,246,21,485,334
2007_000121.jpg,3,500,375,tvmonitor,251,28,475,267
2007_000121.jpg,3,500,375,tvmonitor,22,28,251,273
2007_007892.jpg,3,360,480,person,174,94,302,479
2007_009923.jpg,3,500,333,cat,112,148,252,333
2007_008664.jpg,3,333,500,person,67,72,307,498
2007_009779.jpg,3,500,375,car,97,186,323,329
2007_009779.jpg,3,500,375,car,349,177,494,311
2007_009779.jpg,3,500,375,person,264,133,302,238
2007_009779.jpg,3,500,375,person,306,135,358,282
2007_009779.jpg,3,500,375,person,354,144,401,296
2007_001857.jpg,3,500,375,car,1,11,500,374
2007_001857.jpg,3,500,375,person,397,1,479,127
2007_001857.jpg,3,500,375,person,328,1,413,122
2007_001857.jpg,3,500,375,person,226,1,327,117
2007_001857.jpg,3,500,375,person,168,3,236,104
2007_001857.jpg,3,500,375,person,86,1,145,45
2007_001857.jpg,3,500,375,person,132,32,173,67
2007_000256.jpg,3,500,343,aeroplane,8,96,491,232
2007_005647.jpg,3,500,375,sofa,314,141,380,214
2007_005647.jpg,3,500,375,sofa,405,131,500,199
2007_005647.jpg,3,500,375,chair,213,218,315,364
2007_005647.jpg,3,500,375,chair,72,223,164,346
2007_005647.jpg,3,500,375,chair,41,190,97,306
2007_005647.jpg,3,500,375,chair,153,181,255,326
2007_005647.jpg,3,500,375,diningtable,22,189,309,344
2007_007420.jpg,3,500,333,person,161,92,387,333
2007_004241.jpg,3,500,375,boat,129,81,369,325
2007_009464.jpg,3,500,375,cat,1,91,447,358
2007_003020.jpg,3,500,375,pottedplant,405,205,444,245
2007_003020.jpg,3,500,375,pottedplant,415,270,450,325
2007_003020.jpg,3,500,375,person,72,122,172,375
2007_003020.jpg,3,500,375,person,171,117,281,375
2007_003020.jpg,3,500,375,person,256,142,337,352
2007_003020.jpg,3,500,375,person,330,130,405,342
2007_003872.jpg,3,500,375,dog,205,170,309,245
2007_001774.jpg,3,500,340,cat,14,86,500,286
2007_006409.jpg,3,500,375,person,304,98,500,375
2007_006409.jpg,3,500,375,person,1,128,114,264
2007_006409.jpg,3,500,375,bottle,167,178,193,241
2007_006409.jpg,3,500,375,diningtable,8,227,376,375
2007_000529.jpg,3,500,375,boat,290,143,500,250
2007_000529.jpg,3,500,375,car,422,237,461,255
2007_009724.jpg,3,500,375,cat,33,2,479,375
2007_000068.jpg,3,500,375,bird,27,45,266,375
2007_005845.jpg,3,500,349,cat,1,207,270,349
2007_005845.jpg,3,500,349,person,236,2,500,349
2007_000129.jpg,3,334,500,bicycle,70,202,255,500
2007_000129.jpg,3,334,500,bicycle,251,242,334,500
2007_000129.jpg,3,334,500,bicycle,1,144,67,436
2007_000129.jpg,3,334,500,person,1,1,66,363
2007_000129.jpg,3,334,500,person,74,1,272,462
2007_000129.jpg,3,334,500,person,252,19,334,487
2007_001960.jpg,3,329,500,horse,108,138,264,332
2007_007481.jpg,3,500,332,bird,61,53,362,317
2007_007196.jpg,3,500,375,tvmonitor,338,55,500,240
2007_007196.jpg,3,500,375,tvmonitor,171,57,340,235
2007_007196.jpg,3,500,375,tvmonitor,2,56,170,247
2007_003593.jpg,3,500,333,sheep,316,135,463,265
2007_003593.jpg,3,500,333,sheep,62,119,314,303
2007_009320.jpg,3,500,375,sheep,288,215,451,375
2007_009320.jpg,3,500,375,sheep,430,329,500,375
2007_009320.jpg,3,500,375,sheep,440,254,480,286
2007_009320.jpg,3,500,375,sheep,192,284,276,361
2007_009320.jpg,3,500,375,sheep,249,211,300,251
2007_009320.jpg,3,500,375,person,1,104,294,375
2007_003499.jpg,3,500,375,train,107,26,496,324
2007_001225.jpg,3,387,500,dog,100,212,303,414
2007_007955.jpg,3,500,375,person,82,121,402,365
2007_008645.jpg,3,500,330,boat,210,153,300,308
2007_009295.jpg,3,500,375,person,296,39,440,337
2007_009295.jpg,3,500,375,bicycle,43,104,307,375
2007_009295.jpg,3,500,375,tvmonitor,263,1,500,206
2007_003910.jpg,3,500,375,boat,29,187,362,242
2007_003910.jpg,3,500,375,person,161,122,274,220
2007_002105.jpg,3,500,375,motorbike,169,96,407,276
2007_002105.jpg,3,500,375,person,237,99,358,240
2007_000346.jpg,3,500,375,bottle,124,107,230,343
2007_000346.jpg,3,500,375,person,137,78,497,375
2007_000346.jpg,3,500,375,person,89,202,129,247
2007_000346.jpg,3,500,375,person,72,209,111,259
2007_009348.jpg,3,500,375,aeroplane,145,90,363,209
2007_008219.jpg,3,500,375,person,302,54,322,70
2007_008219.jpg,3,500,375,person,96,98,208,160
2007_008219.jpg,3,500,375,boat,1,1,112,62
2007_004769.jpg,3,500,375,bicycle,200,178,500,375
2007_004769.jpg,3,500,375,person,68,52,171,365
2007_004769.jpg,3,500,375,person,401,241,439,289
2007_004769.jpg,3,500,375,person,354,237,413,313
2007_004769.jpg,3,500,375,person,188,167,203,190
2007_007447.jpg,3,500,375,person,482,162,500,241
2007_007447.jpg,3,500,375,person,135,163,196,238
2007_007447.jpg,3,500,375,person,210,179,269,276
2007_007447.jpg,3,500,375,person,284,175,331,246
2007_007447.jpg,3,500,375,bicycle,125,201,207,266
2007_007447.jpg,3,500,375,bicycle,208,220,280,294
2007_007447.jpg,3,500,375,bicycle,282,209,336,268
2007_007447.jpg,3,500,375,car,122,146,196,181
2007_006240.jpg,3,351,467,person,1,14,350,467
2007_000645.jpg,3,500,375,bird,135,46,500,374
2007_000645.jpg,3,500,375,bird,124,146,365,375
2007_002953.jpg,3,500,370,bottle,25,102,93,325
2007_002953.jpg,3,500,370,bottle,94,104,166,337
2007_002953.jpg,3,500,370,bottle,165,103,247,347
2007_002953.jpg,3,500,370,tvmonitor,216,52,416,304
2007_002953.jpg,3,500,370,tvmonitor,89,61,162,141
2007_007881.jpg,3,500,334,train,14,33,500,283
2007_006744.jpg,3,500,375,person,146,124,369,375
2007_006744.jpg,3,500,375,person,90,1,500,374
2007_001377.jpg,3,500,366,aeroplane,273,163,318,250
2007_008260.jpg,3,500,375,dog,94,71,457,255
2007_008260.jpg,3,500,375,sofa,3,2,499,374
2007_006028.jpg,3,500,374,bicycle,19,80,93,144
2007_006028.jpg,3,500,374,person,282,81,331,289
2007_006028.jpg,3,500,374,person,177,200,215,249
2007_000042.jpg,3,500,335,train,263,32,500,295
2007_000042.jpg,3,500,335,train,1,36,235,299
2007_000793.jpg,3,500,375,person,289,100,316,183
2007_000793.jpg,3,500,375,person,241,111,270,180
2007_000793.jpg,3,500,375,person,218,107,236,178
2007_000793.jpg,3,500,375,person,402,67,467,259
2007_000793.jpg,3,500,375,person,65,110,84,161
2007_000793.jpg,3,500,375,person,96,107,114,159
2007_000793.jpg,3,500,375,person,100,78,190,282
2007_000793.jpg,3,500,375,person,273,103,295,182
2007_000793.jpg,3,500,375,bicycle,151,160,310,280
2007_000793.jpg,3,500,375,bus,2,80,51,135
2007_000063.jpg,3,500,375,dog,123,115,379,275
2007_000063.jpg,3,500,375,chair,75,1,428,375
2007_005527.jpg,3,375,500,person,24,42,363,500
2007_003190.jpg,3,354,500,sheep,100,30,269,179
2007_003190.jpg,3,354,500,sheep,2,47,115,220
2007_003190.jpg,3,354,500,sheep,7,47,107,265
2007_003190.jpg,3,354,500,sheep,123,93,282,458
2007_009841.jpg,3,500,321,person,79,148,171,226
2007_009841.jpg,3,500,321,horse,175,80,354,227
2007_004092.jpg,3,500,375,person,73,102,430,374
2007_007048.jpg,3,500,332,sheep,227,55,500,324
2007_007048.jpg,3,500,332,sheep,82,56,245,257
2007_007048.jpg,3,500,332,bottle,76,42,129,151
2007_007048.jpg,3,500,332,person,431,1,484,62
2007_007048.jpg,3,500,332,person,311,1,427,71
2007_007048.jpg,3,500,332,person,114,1,240,59
2007_007048.jpg,3,500,332,person,1,1,132,329
2007_002914.jpg,3,500,375,diningtable,2,266,397,375
2007_002914.jpg,3,500,375,person,287,13,500,374
2007_009911.jpg,3,500,400,aeroplane,75,137,417,265
2007_004052.jpg,3,500,319,aeroplane,47,108,398,213
2007_009015.jpg,3,500,333,bus,232,128,431,242
2007_009015.jpg,3,500,333,car,1,211,54,333
2007_009015.jpg,3,500,333,car,114,196,153,220
2007_009015.jpg,3,500,333,car,213,202,233,228
2007_009015.jpg,3,500,333,car,72,199,113,221
2007_009015.jpg,3,500,333,car,63,198,75,216
2007_009901.jpg,3,500,375,person,104,76,199,337
2007_009901.jpg,3,500,375,person,265,46,424,368
2007_009901.jpg,3,500,375,chair,20,174,77,234
2007_009901.jpg,3,500,375,chair,80,191,121,255
2007_009901.jpg,3,500,375,chair,262,188,302,271
2007_009901.jpg,3,500,375,chair,457,215,500,301
2007_009901.jpg,3,500,375,diningtable,189,185,256,266
2007_009901.jpg,3,500,375,diningtable,373,208,451,296
2007_004009.jpg,3,500,366,aeroplane,153,106,274,255
2007_008307.jpg,3,480,367,person,161,54,264,196
2007_008307.jpg,3,480,367,horse,78,85,412,313
2007_005124.jpg,3,500,324,cow,179,68,500,324
2007_005124.jpg,3,500,324,person,3,33,271,324
2007_001602.jpg,3,351,500,bottle,252,2,351,365
2007_001602.jpg,3,351,500,bottle,112,3,225,203
2007_006680.jpg,3,500,375,train,33,11,459,359
2007_006490.jpg,3,269,358,bird,80,309,109,332
2007_006490.jpg,3,269,358,person,143,165,169,248
2007_006490.jpg,3,269,358,boat,210,9,269,67
2007_006490.jpg,3,269,358,boat,172,27,226,65
2007_006490.jpg,3,269,358,boat,128,25,185,67
2007_000584.jpg,3,500,375,bicycle,31,74,369,346
2007_000584.jpg,3,500,375,sofa,344,207,500,374
2007_008211.jpg,3,375,500,person,78,182,282,500
2007_006560.jpg,3,500,375,person,1,28,246,375
2007_006560.jpg,3,500,375,person,223,31,500,375
2007_009579.jpg,3,375,500,person,20,2,375,500
2007_002142.jpg,3,500,333,person,178,86,316,333
2007_002142.jpg,3,500,333,person,292,71,409,333
2007_002142.jpg,3,500,333,person,5,130,62,218
2007_006832.jpg,3,500,333,sheep,91,1,500,333
2007_002903.jpg,3,500,376,cow,16,19,480,376
2007_003191.jpg,3,500,333,person,3,1,351,333
2007_001457.jpg,3,500,375,sofa,136,121,350,264
2007_001457.jpg,3,500,375,chair,432,212,500,375
2007_001595.jpg,3,500,375,bus,268,162,442,296
2007_001595.jpg,3,500,375,bus,40,158,275,288
2007_001763.jpg,3,500,375,cat,281,119,500,375
2007_001763.jpg,3,500,375,dog,1,24,330,366
2007_001763.jpg,3,500,375,sofa,1,48,500,375
2007_001763.jpg,3,500,375,tvmonitor,83,1,195,16
2007_006477.jpg,3,375,500,chair,7,267,72,401
2007_006477.jpg,3,375,500,chair,306,265,375,430
2007_006477.jpg,3,375,500,chair,170,353,242,425
2007_006477.jpg,3,375,500,person,124,207,247,468
2007_006477.jpg,3,375,500,person,146,221,260,454
2007_006483.jpg,3,500,377,person,100,32,379,377
2007_006483.jpg,3,500,377,bottle,307,146,348,221
2007_006483.jpg,3,500,377,bottle,316,191,338,254
2007_006483.jpg,3,500,377,bottle,281,151,305,217
2007_004722.jpg,3,500,375,horse,71,76,167,286
2007_004722.jpg,3,500,375,person,257,104,367,359
2007_004722.jpg,3,500,375,person,330,110,436,373
2007_009402.jpg,3,500,333,person,169,88,455,333
2007_005210.jpg,3,500,281,tvmonitor,74,55,205,188
2007_002852.jpg,3,500,375,dog,38,57,298,157
2007_002852.jpg,3,500,375,dog,68,147,458,237
2007_002852.jpg,3,500,375,dog,22,202,387,361
2007_008043.jpg,3,292,288,pottedplant,14,107,221,215
2007_008043.jpg,3,292,288,person,14,9,284,288
2007_002099.jpg,3,500,375,aeroplane,1,92,500,331
2007_002668.jpg,3,500,375,diningtable,86,312,499,374
2007_002668.jpg,3,500,375,person,320,102,500,319
2007_002668.jpg,3,500,375,person,426,105,462,134
2007_002668.jpg,3,500,375,person,95,83,309,319
2007_002668.jpg,3,500,375,person,89,169,112,190
2007_002668.jpg,3,500,375,pottedplant,19,124,97,187
2007_008932.jpg,3,500,375,person,60,126,156,375
2007_008932.jpg,3,500,375,person,139,92,230,375
2007_008932.jpg,3,500,375,person,221,121,311,302
2007_008932.jpg,3,500,375,person,301,81,390,303
2007_008932.jpg,3,500,375,diningtable,199,298,466,375
2007_008559.jpg,3,333,500,person,103,66,333,500
2007_008559.jpg,3,333,500,person,1,140,82,471
2007_004830.jpg,3,500,333,car,104,110,418,212
2007_004830.jpg,3,500,333,person,231,123,274,148
2007_005281.jpg,3,330,500,bicycle,121,244,177,336
2007_005281.jpg,3,330,500,person,132,181,190,322
2007_005281.jpg,3,330,500,person,59,199,89,318
2007_005281.jpg,3,330,500,person,17,179,68,352
2007_005281.jpg,3,330,500,person,97,228,110,253
2007_003169.jpg,3,500,375,cat,54,113,474,332
2007_003169.jpg,3,500,375,sofa,2,64,249,211
2007_008670.jpg,3,331,500,bird,56,115,254,263
2007_008670.jpg,3,331,500,bird,60,279,252,397
2007_008407.jpg,3,500,375,tvmonitor,73,175,203,281
2007_008407.jpg,3,500,375,tvmonitor,349,158,397,218
2007_008407.jpg,3,500,375,chair,350,255,489,375
2007_008407.jpg,3,500,375,chair,349,210,436,317
2007_008407.jpg,3,500,375,person,146,131,350,375
2007_008407.jpg,3,500,375,tvmonitor,418,153,434,205
2007_008407.jpg,3,500,375,chair,470,194,500,251
2007_005296.jpg,3,500,375,car,170,262,500,374
2007_005296.jpg,3,500,375,car,1,258,114,348
2007_005296.jpg,3,500,375,person,323,216,362,298
2007_002370.jpg,3,500,375,person,454,190,465,210
2007_002370.jpg,3,500,375,person,461,189,474,209
2007_002370.jpg,3,500,375,car,395,189,432,208
2007_002370.jpg,3,500,375,car,355,174,391,213
2007_003861.jpg,3,500,334,boat,115,52,287,294
2007_003861.jpg,3,500,334,boat,368,248,428,272
2007_000464.jpg,3,375,500,cow,71,252,216,314
2007_000464.jpg,3,375,500,cow,58,202,241,295
2007_008980.jpg,3,459,500,dog,53,58,372,428
2007_000648.jpg,3,500,333,person,394,199,404,223
2007_000648.jpg,3,500,333,person,424,199,436,220
2007_000648.jpg,3,500,333,person,434,196,444,220
2007_000648.jpg,3,500,333,person,443,195,452,220
2007_000648.jpg,3,500,333,bus,29,113,353,266
2007_000648.jpg,3,500,333,aeroplane,328,86,474,192
2007_000648.jpg,3,500,333,car,2,213,28,235
2007_009610.jpg,3,375,500,person,12,30,279,497
2007_002845.jpg,3,375,500,sheep,284,196,326,216
2007_002845.jpg,3,375,500,sheep,14,265,175,347
2007_002845.jpg,3,375,500,sheep,140,199,186,235
2007_002845.jpg,3,375,500,sheep,220,210,248,229
2007_002845.jpg,3,375,500,sheep,254,204,279,227
2007_002845.jpg,3,375,500,sheep,230,201,256,220
2007_005149.jpg,3,500,333,dog,205,1,341,165
2007_005149.jpg,3,500,333,dog,164,132,500,333
2007_007996.jpg,3,500,333,person,189,99,237,222
2007_007996.jpg,3,500,333,person,118,187,199,267
2007_007996.jpg,3,500,333,person,92,244,195,333
2007_007996.jpg,3,500,333,person,198,220,357,333
2007_007996.jpg,3,500,333,person,397,61,500,270
2007_007996.jpg,3,500,333,chair,2,203,82,316
2007_007996.jpg,3,500,333,chair,1,158,31,207
2007_007996.jpg,3,500,333,sofa,189,113,351,240
2007_007996.jpg,3,500,333,chair,349,196,431,287
2007_007996.jpg,3,500,333,tvmonitor,419,91,437,108
2007_009052.jpg,3,500,375,car,212,110,467,284
2007_009052.jpg,3,500,375,person,335,131,371,166
2007_006348.jpg,3,500,375,tvmonitor,12,75,80,205
2007_006348.jpg,3,500,375,chair,216,107,500,374
2007_006900.jpg,3,500,375,car,479,89,500,180
2007_006900.jpg,3,500,375,car,279,104,337,139
2007_006900.jpg,3,500,375,car,1,117,150,203
2007_006900.jpg,3,500,375,car,1,151,61,310
2007_006900.jpg,3,500,375,car,86,120,490,337
2007_006900.jpg,3,500,375,car,327,82,465,185
2007_007769.jpg,3,375,500,person,188,112,259,406
2007_007769.jpg,3,375,500,person,72,37,225,478
2007_007250.jpg,3,500,333,bottle,281,227,311,330
2007_007250.jpg,3,500,333,tvmonitor,122,19,327,176
2007_007195.jpg,3,500,333,person,351,26,500,333
2007_007195.jpg,3,500,333,train,85,109,412,178
2007_006241.jpg,3,500,375,chair,387,164,489,372
2007_006241.jpg,3,500,375,chair,1,162,52,341
2007_006241.jpg,3,500,375,bottle,183,103,210,183
2007_006241.jpg,3,500,375,diningtable,49,135,440,375
2007_006241.jpg,3,500,375,chair,96,299,334,375
2007_006241.jpg,3,500,375,chair,286,99,398,133
2007_006241.jpg,3,500,375,chair,104,111,195,169
2007_002426.jpg,3,500,375,person,95,34,493,285
2007_002426.jpg,3,500,375,sofa,38,2,248,116
2007_003831.jpg,3,500,375,person,48,18,249,359
2007_003831.jpg,3,500,375,person,182,82,321,332
2007_006004.jpg,3,333,500,chair,94,164,301,424
2007_006004.jpg,3,333,500,person,57,146,184,468
2007_006004.jpg,3,333,500,person,130,169,266,500
2007_006004.jpg,3,333,500,person,1,173,101,500
2007_006788.jpg,3,500,375,person,74,104,239,375
2007_004902.jpg,3,500,375,horse,1,141,192,374
2007_004902.jpg,3,500,375,horse,79,124,265,364
2007_004902.jpg,3,500,375,person,217,118,389,375
2007_004902.jpg,3,500,375,person,195,68,500,375
2007_002293.jpg,3,332,500,person,2,47,264,500
2007_002293.jpg,3,332,500,person,87,131,287,500
2007_008110.jpg,3,375,500,cat,90,210,211,288
2007_008110.jpg,3,375,500,chair,46,125,265,384
2007_008110.jpg,3,375,500,person,65,139,241,460
2007_008110.jpg,3,375,500,chair,306,114,375,257
2007_008110.jpg,3,375,500,chair,294,118,355,250
2007_002427.jpg,3,320,240,sofa,161,143,261,228
2007_002427.jpg,3,320,240,sofa,1,60,137,240
2007_002427.jpg,3,320,240,pottedplant,253,181,320,240
2007_000027.jpg,3,486,500,person,174,101,349,351
2007_009258.jpg,3,334,500,bicycle,63,175,334,500
2007_009258.jpg,3,334,500,person,52,1,321,470
2007_006946.jpg,3,500,333,aeroplane,7,2,489,308
2007_000243.jpg,3,500,333,aeroplane,181,127,274,193
2007_008142.jpg,3,500,332,person,189,73,253,229
2007_008142.jpg,3,500,332,horse,149,119,325,286
2007_004265.jpg,3,500,375,person,253,139,402,276
2007_004459.jpg,3,500,375,person,99,202,118,251
2007_004459.jpg,3,500,375,person,47,202,64,244
2007_004459.jpg,3,500,375,person,58,206,78,250
2007_004459.jpg,3,500,375,aeroplane,2,12,500,267
2007_004459.jpg,3,500,375,person,157,200,174,241
2007_004459.jpg,3,500,375,person,169,196,181,241
2007_002212.jpg,3,500,334,bird,42,72,459,247
2007_001884.jpg,3,500,375,bus,189,217,201,245
2007_001884.jpg,3,500,375,bus,200,216,311,251
2007_001884.jpg,3,500,375,bus,309,213,416,245
2007_001884.jpg,3,500,375,aeroplane,130,112,435,211
2007_000032.jpg,3,500,281,aeroplane,104,78,375,183
2007_000032.jpg,3,500,281,aeroplane,133,88,197,123
2007_000032.jpg,3,500,281,person,195,180,213,229
2007_000032.jpg,3,500,281,person,26,189,44,238
2007_006856.jpg,3,375,500,person,52,118,278,432
2007_001825.jpg,3,500,375,cat,1,39,403,300
2007_001825.jpg,3,500,375,dog,1,3,500,372
2007_008722.jpg,3,500,332,cow,302,206,393,292
2007_009578.jpg,3,500,335,person,85,44,500,335
2007_009422.jpg,3,500,334,bird,2,2,481,325
2007_008690.jpg,3,500,333,person,147,14,337,267
2007_001761.jpg,3,500,333,aeroplane,27,87,500,273
2007_002488.jpg,3,375,500,person,110,75,281,443
2007_002488.jpg,3,375,500,motorbike,11,226,375,500
2007_003451.jpg,3,500,333,sofa,235,154,408,225
2007_003451.jpg,3,500,333,chair,212,167,260,246
2007_003451.jpg,3,500,333,tvmonitor,390,202,466,277
2007_003451.jpg,3,500,333,bottle,7,217,25,260
2007_002260.jpg,3,500,330,motorbike,107,61,447,287
2007_009889.jpg,3,500,375,dog,142,156,366,265
2007_007748.jpg,3,332,500,horse,76,164,332,373
2007_007748.jpg,3,332,500,person,165,111,243,284
2007_005689.jpg,3,500,375,train,1,17,480,372
2007_005114.jpg,3,500,322,person,311,54,404,189
2007_005114.jpg,3,500,322,horse,325,103,388,242
2007_005114.jpg,3,500,322,cow,451,132,500,219
2007_005114.jpg,3,500,322,cow,56,136,132,257
2007_002055.jpg,3,500,375,dog,15,248,151,368
2007_002055.jpg,3,500,375,person,64,146,229,375
2007_002055.jpg,3,500,375,sofa,2,220,275,374
2007_005608.jpg,3,375,500,motorbike,1,226,303,462
2007_005608.jpg,3,375,500,person,31,146,199,441
2007_005608.jpg,3,375,500,person,97,181,241,321
2007_009323.jpg,3,500,375,bird,378,239,483,345
2007_009323.jpg,3,500,375,bird,221,79,328,145
2007_009323.jpg,3,500,375,bird,2,168,82,262
2007_004392.jpg,3,500,375,chair,328,224,440,359
2007_004392.jpg,3,500,375,chair,334,273,482,375
2007_004392.jpg,3,500,375,pottedplant,451,71,500,208
2007_004392.jpg,3,500,375,pottedplant,470,210,500,364
2007_004392.jpg,3,500,375,person,180,110,334,375
2007_004392.jpg,3,500,375,person,179,117,255,375
2007_004841.jpg,3,500,375,aeroplane,107,200,171,243
2007_004841.jpg,3,500,375,aeroplane,350,108,375,125
2007_000807.jpg,3,334,500,person,34,31,200,500
2007_004468.jpg,3,174,500,bottle,6,5,157,498
2007_003367.jpg,3,500,375,person,1,174,38,253
2007_003367.jpg,3,500,375,person,3,200,22,316
2007_003367.jpg,3,500,375,motorbike,15,213,111,302
2007_003367.jpg,3,500,375,pottedplant,354,167,389,267
2007_003367.jpg,3,500,375,pottedplant,387,130,418,170
2007_003367.jpg,3,500,375,pottedplant,422,128,447,171
2007_003367.jpg,3,500,375,pottedplant,447,142,473,174
2007_003367.jpg,3,500,375,pottedplant,476,142,496,173
2007_007917.jpg,3,500,375,person,21,109,228,372
2007_007917.jpg,3,500,375,person,290,100,499,375
2007_007917.jpg,3,500,375,person,186,61,362,373
2007_004866.jpg,3,500,375,cat,111,97,237,192
2007_004866.jpg,3,500,375,cat,61,107,376,375
2007_006581.jpg,3,374,500,bicycle,94,323,246,479
2007_006581.jpg,3,374,500,bicycle,162,299,293,477
2007_006581.jpg,3,374,500,car,78,209,102,231
2007_006581.jpg,3,374,500,car,135,210,154,233
2007_006581.jpg,3,374,500,car,108,213,130,228
2007_008567.jpg,3,334,500,person,122,5,295,500
2007_006445.jpg,3,443,480,horse,65,156,401,459
2007_006445.jpg,3,443,480,person,174,101,299,272
2007_005790.jpg,3,500,333,diningtable,91,247,500,333
2007_005790.jpg,3,500,333,person,267,34,500,281
2007_007849.jpg,3,500,281,tvmonitor,217,81,242,101
2007_007849.jpg,3,500,281,tvmonitor,247,86,269,109
2007_007849.jpg,3,500,281,tvmonitor,194,81,216,107
2007_007849.jpg,3,500,281,tvmonitor,100,235,134,281
2007_007849.jpg,3,500,281,person,362,89,428,169
2007_007849.jpg,3,500,281,person,379,166,429,280
2007_007849.jpg,3,500,281,person,414,138,454,275
2007_007849.jpg,3,500,281,person,436,110,473,239
2007_001686.jpg,3,375,500,person,112,168,206,500
2007_008051.jpg,3,500,375,bird,131,110,358,375
2007_001526.jpg,3,500,298,person,3,18,114,298
2007_001526.jpg,3,500,298,person,109,51,214,297
2007_001526.jpg,3,500,298,person,212,35,316,297
2007_001526.jpg,3,500,298,person,289,33,387,297
2007_001526.jpg,3,500,298,person,381,15,500,297
2007_008084.jpg,3,338,500,bird,111,212,233,365
2007_007910.jpg,3,500,375,person,316,18,465,375
2007_009245.jpg,3,500,375,cow,17,96,288,330
2007_009245.jpg,3,500,375,cow,265,150,467,248
2007_009554.jpg,3,500,370,person,1,124,295,370
2007_009554.jpg,3,500,370,tvmonitor,138,136,180,218
2007_009554.jpg,3,500,370,sofa,380,206,500,364
2007_007582.jpg,3,333,500,person,57,47,333,454
2007_004405.jpg,3,333,500,diningtable,6,239,300,496
2007_004405.jpg,3,333,500,chair,128,181,301,480
2007_004405.jpg,3,333,500,chair,198,162,333,400
2007_004405.jpg,3,333,500,chair,1,309,155,500
2007_005813.jpg,3,335,500,pottedplant,147,164,288,354
2007_005813.jpg,3,335,500,pottedplant,105,240,207,351
2007_005813.jpg,3,335,500,pottedplant,94,195,140,352
2007_009597.jpg,3,500,375,train,43,102,460,282
2007_002234.jpg,3,500,375,boat,110,150,415,250
2007_002234.jpg,3,500,375,boat,1,83,136,166
2007_004810.jpg,3,500,375,car,8,238,186,340
2007_004810.jpg,3,500,375,car,180,226,254,290
2007_004810.jpg,3,500,375,car,242,217,286,262
2007_004810.jpg,3,500,375,car,263,202,312,245
2007_004810.jpg,3,500,375,person,358,212,385,283
2007_004810.jpg,3,500,375,person,413,219,448,305
2007_004810.jpg,3,500,375,person,389,209,420,287
2007_001408.jpg,3,333,500,bottle,114,245,178,448
2007_001408.jpg,3,333,500,person,56,107,230,387
2007_001408.jpg,3,333,500,bottle,20,68,50,167
2007_001408.jpg,3,333,500,person,210,1,333,108
2007_001408.jpg,3,333,500,person,84,87,333,366
2007_001408.jpg,3,333,500,pottedplant,119,1,184,130
2007_005803.jpg,3,500,375,diningtable,67,156,433,273
2007_004454.jpg,3,375,500,person,213,95,311,375
2007_004663.jpg,3,500,375,train,1,168,407,260
2007_003571.jpg,3,500,333,boat,259,206,500,333
2007_005428.jpg,3,375,500,bottle,1,1,217,362
2007_007414.jpg,3,500,333,person,453,50,491,110
2007_007414.jpg,3,500,333,car,187,107,386,196
2007_008647.jpg,3,500,375,person,1,2,465,375
2007_001239.jpg,3,500,375,dog,108,60,320,160
2007_001239.jpg,3,500,375,dog,228,138,381,375
2007_001239.jpg,3,500,375,dog,118,94,286,307
2007_002639.jpg,3,500,375,person,345,158,402,284
2007_002639.jpg,3,500,375,person,240,141,307,301
2007_002639.jpg,3,500,375,person,185,156,242,301
2007_007795.jpg,3,500,375,person,7,108,153,374
2007_007795.jpg,3,500,375,person,107,118,207,305
2007_007795.jpg,3,500,375,person,163,122,224,307
2007_007795.jpg,3,500,375,person,295,151,359,269
2007_007795.jpg,3,500,375,person,334,152,408,279
2007_007795.jpg,3,500,375,person,404,154,485,322
2007_007795.jpg,3,500,375,pottedplant,258,242,304,310
2007_007795.jpg,3,500,375,chair,229,167,284,234
2007_007795.jpg,3,500,375,pottedplant,264,146,285,177
2007_007795.jpg,3,500,375,pottedplant,237,98,275,174
2007_007415.jpg,3,500,375,person,143,252,156,281
2007_007415.jpg,3,500,375,boat,32,103,479,287
2007_007415.jpg,3,500,375,person,99,250,107,269
2007_007415.jpg,3,500,375,person,92,250,100,271
2007_007415.jpg,3,500,375,person,80,246,92,270
2007_000528.jpg,3,500,375,cat,124,68,319,310
2007_009691.jpg,3,500,333,motorbike,1,187,497,333
2007_009691.jpg,3,500,333,person,124,15,294,333
2007_003991.jpg,3,500,389,cat,79,53,500,264
2007_008764.jpg,3,400,500,bird,100,38,340,325
2007_002618.jpg,3,500,384,sheep,17,20,483,343
2007_003091.jpg,3,333,500,person,35,168,270,495
2007_003091.jpg,3,333,500,person,43,2,333,458
2007_007387.jpg,3,500,333,train,19,25,484,245
2007_001698.jpg,3,500,375,boat,61,93,447,209
2007_001698.jpg,3,500,375,boat,39,138,358,233
2007_002403.jpg,3,500,375,person,316,114,334,160
2007_002403.jpg,3,500,375,bird,373,182,407,226
2007_002403.jpg,3,500,375,boat,283,30,394,174
2007_008944.jpg,3,444,500,person,1,1,443,500
2007_009687.jpg,3,500,375,person,262,60,500,375
2007_009687.jpg,3,500,375,person,1,75,278,375
2007_009687.jpg,3,500,375,bottle,405,165,500,273
2007_009687.jpg,3,500,375,bottle,28,260,96,375
2007_004112.jpg,3,500,375,dog,43,134,228,345
2007_004112.jpg,3,500,375,person,71,22,500,375
2007_005797.jpg,3,500,375,cow,1,107,270,365
2007_005797.jpg,3,500,375,person,320,125,493,340
2007_005797.jpg,3,500,375,person,93,3,163,143
2007_004033.jpg,3,500,342,person,70,7,120,138
2007_004033.jpg,3,500,342,motorbike,120,36,217,168
2007_004033.jpg,3,500,342,motorbike,183,2,326,196
2007_004033.jpg,3,500,342,motorbike,189,1,447,280
2007_003682.jpg,3,500,334,bird,344,144,406,198
2007_003682.jpg,3,500,334,bird,34,151,167,245
2007_008921.jpg,3,500,400,person,128,2,339,400
2007_001585.jpg,3,500,434,person,197,115,328,358
2007_001585.jpg,3,500,434,sofa,6,180,425,341
2007_001585.jpg,3,500,434,bottle,58,158,72,191
2007_002624.jpg,3,500,375,person,109,142,281,375
2007_002624.jpg,3,500,375,person,254,150,360,256
2007_002624.jpg,3,500,375,diningtable,217,245,500,375
2007_004969.jpg,3,500,375,sheep,201,160,298,237
2007_004948.jpg,3,500,375,pottedplant,210,237,294,347
2007_004948.jpg,3,500,375,pottedplant,127,213,203,336
2007_004948.jpg,3,500,375,pottedplant,163,123,220,217
2007_004948.jpg,3,500,375,pottedplant,227,130,284,221
2007_003587.jpg,3,500,361,train,72,40,496,267
2007_003587.jpg,3,500,361,car,1,171,58,191
2007_008072.jpg,3,450,325,diningtable,81,191,329,322
2007_008072.jpg,3,450,325,person,293,106,348,175
2007_008072.jpg,3,450,325,person,385,109,450,182
2007_008072.jpg,3,450,325,person,272,127,397,318
2007_008072.jpg,3,450,325,person,135,102,203,198
2007_008072.jpg,3,450,325,person,189,92,257,185
2007_008072.jpg,3,450,325,person,68,99,154,212
2007_008072.jpg,3,450,325,person,3,97,148,325
2007_008072.jpg,3,450,325,chair,273,233,439,325
2007_008072.jpg,3,450,325,chair,370,182,433,250
2007_004238.jpg,3,500,357,person,10,105,112,357
2007_004238.jpg,3,500,357,person,228,112,341,357
2007_004238.jpg,3,500,357,person,314,24,483,357
2007_009580.jpg,3,500,333,train,85,153,309,230
2007_009088.jpg,3,500,375,bird,203,3,459,375
2007_006444.jpg,3,500,375,dog,134,146,271,364
2007_006444.jpg,3,500,375,person,411,3,500,229
2007_004510.jpg,3,500,375,tvmonitor,123,50,244,153
2007_004510.jpg,3,500,375,chair,101,199,255,375
2007_004510.jpg,3,500,375,chair,422,84,500,359
2007_005273.jpg,3,500,375,car,108,55,285,156
2007_005273.jpg,3,500,375,car,235,84,418,153
2007_005273.jpg,3,500,375,person,336,12,415,160
2007_005273.jpg,3,500,375,person,397,50,439,154
2007_005273.jpg,3,500,375,bicycle,1,112,305,357
2007_004537.jpg,3,500,388,horse,181,122,402,318
2007_004537.jpg,3,500,388,cow,1,191,132,370
2007_004537.jpg,3,500,388,cow,1,100,197,221
2007_004537.jpg,3,500,388,cow,266,95,348,157
2007_004537.jpg,3,500,388,cow,262,71,429,170
2007_004537.jpg,3,500,388,cow,433,79,493,218
2007_004537.jpg,3,500,388,person,202,33,270,263
2007_006803.jpg,3,400,500,train,68,167,311,356
2007_006803.jpg,3,400,500,person,305,323,333,412
2007_006803.jpg,3,400,500,person,321,316,342,410
2007_009654.jpg,3,333,500,person,1,83,296,500
2007_009654.jpg,3,333,500,bottle,220,375,275,472
2007_002643.jpg,3,500,375,car,1,51,89,152
2007_002643.jpg,3,500,375,person,407,57,453,174
2007_002643.jpg,3,500,375,person,180,102,281,207
2007_002643.jpg,3,500,375,motorbike,181,133,302,282
2007_005972.jpg,3,375,500,person,92,40,308,455
2007_008571.jpg,3,320,240,boat,53,1,288,177
2007_006151.jpg,3,334,500,horse,106,173,321,377
2007_006151.jpg,3,334,500,person,53,170,140,363
2007_006151.jpg,3,334,500,person,215,171,262,340
2007_006151.jpg,3,334,500,person,276,174,334,332
2007_006151.jpg,3,334,500,car,1,192,207,337
2007_007318.jpg,3,500,375,person,21,23,46,93
2007_007417.jpg,3,500,269,dog,40,67,306,208
2007_007417.jpg,3,500,269,cat,304,105,451,211
2007_007417.jpg,3,500,269,sofa,1,2,499,269
2007_000452.jpg,3,500,375,sofa,50,121,295,338
2007_000452.jpg,3,500,375,chair,474,140,500,284
2007_005696.jpg,3,333,500,dog,4,101,325,436
2007_005058.jpg,3,500,375,sheep,131,266,177,304
2007_005058.jpg,3,500,375,sheep,86,285,127,315
2007_007161.jpg,3,333,500,person,5,57,332,500
2007_000123.jpg,3,500,375,train,1,26,358,340
2007_002119.jpg,3,500,375,tvmonitor,369,135,443,202
2007_002119.jpg,3,500,375,person,155,65,256,332
2007_002119.jpg,3,500,375,person,85,36,164,368
2007_002119.jpg,3,500,375,person,30,2,143,375
2007_002119.jpg,3,500,375,person,6,117,31,153
2007_002119.jpg,3,500,375,person,2,138,44,271
2007_005878.jpg,3,500,332,motorbike,100,92,323,222
2007_002719.jpg,3,500,374,boat,53,100,468,238
2007_002719.jpg,3,500,374,person,158,130,188,168
2007_002719.jpg,3,500,374,person,183,108,206,136
2007_002719.jpg,3,500,374,person,144,107,167,132
2007_002719.jpg,3,500,374,person,87,126,122,150
2007_003226.jpg,3,333,500,person,71,43,286,485
2007_006802.jpg,3,500,350,train,131,2,499,349
2007_006802.jpg,3,500,350,person,344,99,366,119
2007_006802.jpg,3,500,350,person,209,89,258,231
2007_009040.jpg,3,500,375,person,157,146,284,350
2007_009322.jpg,3,500,333,motorbike,298,239,351,328
2007_009322.jpg,3,500,333,person,305,207,352,306
2007_009322.jpg,3,500,333,car,1,224,47,277
2007_009322.jpg,3,500,333,car,31,220,93,264
2007_009322.jpg,3,500,333,car,72,209,130,256
2007_009322.jpg,3,500,333,car,119,214,156,252
2007_009322.jpg,3,500,333,car,140,212,178,245
2007_009322.jpg,3,500,333,car,154,195,205,240
2007_009322.jpg,3,500,333,car,273,200,293,217
2007_009322.jpg,3,500,333,bus,203,184,233,219
2007_003267.jpg,3,500,333,bird,2,69,500,333
2007_003101.jpg,3,500,333,bus,292,1,500,253
2007_003101.jpg,3,500,333,bus,197,59,263,209
2007_003101.jpg,3,500,333,bus,1,2,211,295
2007_003101.jpg,3,500,333,car,257,170,289,188
2007_008708.jpg,3,500,375,car,293,206,311,219
2007_008708.jpg,3,500,375,person,259,168,399,375
2007_008708.jpg,3,500,375,person,123,177,260,375
2007_006864.jpg,3,500,334,person,336,1,500,325
2007_006864.jpg,3,500,334,person,237,6,380,283
2007_006864.jpg,3,500,334,person,11,1,238,268
2007_006864.jpg,3,500,334,person,194,1,228,113
2007_004190.jpg,3,500,375,tvmonitor,1,115,201,326
2007_009216.jpg,3,500,333,tvmonitor,2,100,376,332
2007_009216.jpg,3,500,333,cat,179,1,399,121
2007_002728.jpg,3,500,334,train,264,170,376,236
2007_002728.jpg,3,500,334,person,333,1,500,332
2007_002728.jpg,3,500,334,person,1,1,223,334
2007_007688.jpg,3,500,375,motorbike,4,37,500,373
2007_000837.jpg,3,500,275,boat,261,65,365,159
2007_005695.jpg,3,375,500,person,71,129,331,499
2007_005695.jpg,3,375,500,person,171,196,330,486
2007_003876.jpg,3,500,382,aeroplane,93,98,174,144
2007_002132.jpg,3,500,375,tvmonitor,184,155,306,249
2007_007591.jpg,3,333,500,bus,25,89,311,419
2007_007591.jpg,3,333,500,car,1,142,50,465
2007_002669.jpg,3,500,375,cow,292,137,372,174
2007_002669.jpg,3,500,375,cow,116,191,245,287
2007_002669.jpg,3,500,375,person,442,241,478,294
2007_002669.jpg,3,500,375,cow,163,184,273,269
2007_000241.jpg,3,500,375,boat,356,183,500,280
2007_000241.jpg,3,500,375,boat,60,109,142,213
2007_000241.jpg,3,500,375,boat,246,134,348,217
2007_005360.jpg,3,500,335,train,72,97,431,242
2007_005360.jpg,3,500,335,train,1,137,71,226
2007_008802.jpg,3,320,212,horse,89,42,225,212
2007_008802.jpg,3,320,212,person,119,16,194,114
2007_005310.jpg,3,500,333,person,29,170,414,333
2007_005310.jpg,3,500,333,person,100,33,259,301
2007_007585.jpg,3,500,500,dog,131,14,466,364
2007_007585.jpg,3,500,500,dog,178,322,258,482
2007_005074.jpg,3,500,334,boat,36,152,387,297
2007_005074.jpg,3,500,334,car,343,194,426,240
2007_005074.jpg,3,500,334,car,396,201,469,233
2007_005074.jpg,3,500,334,car,323,194,351,222
2007_005074.jpg,3,500,334,car,87,191,144,209
2007_005074.jpg,3,500,334,car,22,189,83,222
2007_005074.jpg,3,500,334,car,62,200,118,226
2007_005074.jpg,3,500,334,bird,419,260,472,297
2007_008964.jpg,3,500,333,dog,220,103,496,333
2007_008964.jpg,3,500,333,dog,18,74,491,333
2007_008964.jpg,3,500,333,person,1,100,123,333
2007_009605.jpg,3,500,375,dog,89,18,458,369
2007_007948.jpg,3,500,333,car,77,122,485,255
2007_007948.jpg,3,500,333,person,236,140,285,175
2007_009436.jpg,3,500,347,train,158,29,326,254
2007_009436.jpg,3,500,347,person,370,149,443,284
2007_009436.jpg,3,500,347,person,138,181,156,202
2007_006585.jpg,3,500,331,person,168,41,325,234
2007_006585.jpg,3,500,331,motorbike,143,101,331,258
2007_008085.jpg,3,500,282,bird,54,173,100,219
2007_008927.jpg,3,500,375,cow,203,238,266,317
2007_005266.jpg,3,500,375,sofa,47,195,344,375
2007_005266.jpg,3,500,375,chair,175,162,257,243
2007_005266.jpg,3,500,375,chair,296,158,383,248
2007_005266.jpg,3,500,375,pottedplant,427,28,456,65
2007_005266.jpg,3,500,375,pottedplant,456,39,476,64
2007_009832.jpg,3,500,375,bus,277,11,500,350
2007_004166.jpg,3,500,332,tvmonitor,243,129,304,181
2007_004166.jpg,3,500,332,chair,485,189,500,222
2007_004166.jpg,3,500,332,chair,358,195,398,239
2007_004166.jpg,3,500,332,chair,300,205,355,254
2007_004166.jpg,3,500,332,chair,265,278,374,332
2007_004166.jpg,3,500,332,sofa,1,199,99,332
2007_004166.jpg,3,500,332,diningtable,234,204,500,332
2007_004166.jpg,3,500,332,dog,210,194,257,234
2007_003088.jpg,3,500,375,bottle,107,269,154,366
2007_003088.jpg,3,500,375,person,69,65,330,375
2007_003088.jpg,3,500,375,person,209,91,286,211
2007_001073.jpg,3,500,375,cow,55,178,149,248
2007_001073.jpg,3,500,375,cow,135,176,174,241
2007_001073.jpg,3,500,375,cow,227,153,282,236
2007_001073.jpg,3,500,375,cow,276,159,350,255
2007_001073.jpg,3,500,375,cow,327,152,425,240
2007_001073.jpg,3,500,375,cow,421,161,500,227
2007_001311.jpg,3,500,319,bicycle,465,104,490,166
2007_001311.jpg,3,500,319,bicycle,432,118,465,186
2007_001311.jpg,3,500,319,bicycle,334,128,380,220
2007_001311.jpg,3,500,319,bicycle,177,188,304,319
2007_001311.jpg,3,500,319,bicycle,12,161,181,319
2007_001311.jpg,3,500,319,person,463,67,495,154
2007_001311.jpg,3,500,319,person,431,75,468,171
2007_001311.jpg,3,500,319,person,333,79,387,201
2007_001311.jpg,3,500,319,person,187,106,291,293
2007_001311.jpg,3,500,319,person,27,61,163,280
2007_000187.jpg,3,500,375,tvmonitor,1,95,240,336
2007_005425.jpg,3,333,500,person,93,94,181,422
2007_005425.jpg,3,333,500,person,160,54,259,443
2007_001609.jpg,3,375,500,diningtable,3,120,374,500
2007_001609.jpg,3,375,500,chair,179,75,263,124
2007_001609.jpg,3,375,500,chair,333,117,375,220
2007_001609.jpg,3,375,500,chair,29,111,72,182
2007_001609.jpg,3,375,500,chair,4,169,34,265
2007_004558.jpg,3,333,500,pottedplant,127,63,185,121
2007_004558.jpg,3,333,500,pottedplant,129,169,183,235
2007_004558.jpg,3,333,500,pottedplant,129,283,180,352
2007_004558.jpg,3,333,500,pottedplant,114,348,247,470
2007_000364.jpg,3,500,375,motorbike,54,25,454,315
2007_000364.jpg,3,500,375,motorbike,318,37,489,161
2007_000364.jpg,3,500,375,person,369,1,458,130
2007_005657.jpg,3,500,331,person,1,14,490,331
2007_006449.jpg,3,500,375,bicycle,2,15,500,367
2007_008204.jpg,3,500,374,bottle,199,247,242,367
2007_008204.jpg,3,500,374,tvmonitor,314,114,499,329
2007_008204.jpg,3,500,374,person,143,145,266,336
2007_003178.jpg,3,500,375,train,72,138,411,269
2007_007330.jpg,3,500,344,person,124,14,487,330
2007_007651.jpg,3,355,500,person,76,111,261,262
2007_007651.jpg,3,355,500,diningtable,2,257,355,500
2007_006944.jpg,3,500,333,sheep,6,156,215,293
2007_006944.jpg,3,500,333,sheep,218,121,348,291
2007_006944.jpg,3,500,333,sheep,334,128,494,313
2007_006944.jpg,3,500,333,horse,143,113,180,154
2007_006944.jpg,3,500,333,horse,104,113,138,146
2007_006944.jpg,3,500,333,sheep,476,123,500,217
2007_006277.jpg,3,500,375,car,65,70,447,322
2007_009392.jpg,3,500,331,bus,410,194,500,331
2007_009392.jpg,3,500,331,car,249,230,294,247
2007_009392.jpg,3,500,331,car,215,223,249,237
2007_009392.jpg,3,500,331,car,173,223,206,237
2007_009392.jpg,3,500,331,car,290,223,314,233
2007_009392.jpg,3,500,331,car,19,224,51,238
2007_009392.jpg,3,500,331,car,1,283,74,331
2007_002462.jpg,3,500,375,train,54,75,500,158
2007_002273.jpg,3,320,212,horse,116,51,190,181
2007_002273.jpg,3,320,212,person,121,14,186,118
2007_007902.jpg,3,500,375,motorbike,320,49,486,154
2007_007902.jpg,3,500,375,motorbike,1,57,232,316
2007_007902.jpg,3,500,375,person,367,1,458,110
2007_007902.jpg,3,500,375,person,1,48,189,213
2007_002824.jpg,3,500,431,person,1,13,500,431
2007_006605.jpg,3,500,375,chair,223,175,277,199
2007_006605.jpg,3,500,375,chair,158,186,235,311
2007_006605.jpg,3,500,375,chair,331,177,387,291
2007_006605.jpg,3,500,375,chair,340,199,412,313
2007_006605.jpg,3,500,375,chair,246,222,360,375
2007_006605.jpg,3,500,375,chair,142,214,256,361
2007_006605.jpg,3,500,375,pottedplant,86,181,134,218
2007_006605.jpg,3,500,375,pottedplant,49,96,96,243
2007_003000.jpg,3,500,333,aeroplane,193,114,278,164
2007_004380.jpg,3,333,500,motorbike,8,74,333,500
2007_004380.jpg,3,333,500,person,5,26,324,445
2007_004380.jpg,3,333,500,person,40,104,273,322
2007_001678.jpg,3,500,333,tvmonitor,373,102,500,228
2007_001678.jpg,3,500,333,tvmonitor,252,109,349,200
2007_001678.jpg,3,500,333,person,107,192,256,333
2007_001678.jpg,3,500,333,person,119,62,157,110
2007_001678.jpg,3,500,333,chair,111,82,145,113
2007_001678.jpg,3,500,333,tvmonitor,164,60,195,84
2007_000733.jpg,3,450,435,person,48,25,273,383
2007_000733.jpg,3,450,435,motorbike,103,201,448,435
2007_002227.jpg,3,500,333,tvmonitor,419,64,500,135
2007_002227.jpg,3,500,333,bicycle,33,20,450,330
2007_000504.jpg,3,500,412,cow,341,102,500,406
2007_000504.jpg,3,500,412,person,36,34,79,123
2007_000504.jpg,3,500,412,person,2,44,36,120
2007_000504.jpg,3,500,412,person,29,42,41,64
2007_004856.jpg,3,368,500,cat,28,1,335,496
2007_005019.jpg,3,500,341,person,135,1,441,340
2007_005019.jpg,3,500,341,person,5,128,150,340
2007_001175.jpg,3,500,375,person,119,153,367,329
2007_001175.jpg,3,500,375,person,157,169,256,230
2007_001175.jpg,3,500,375,tvmonitor,360,114,449,187
2007_006641.jpg,3,500,375,cat,1,2,408,375
2007_005828.jpg,3,500,291,aeroplane,86,62,443,210
2007_009594.jpg,3,500,375,tvmonitor,224,288,334,375
2007_003841.jpg,3,500,446,cow,2,9,408,445
2007_001630.jpg,3,375,500,person,26,14,54,114
2007_001630.jpg,3,375,500,person,190,27,268,214
2007_001630.jpg,3,375,500,person,74,95,200,358
2007_001630.jpg,3,375,500,person,155,196,343,500
2007_001630.jpg,3,375,500,person,333,32,373,255
2007_001630.jpg,3,375,500,bicycle,85,231,200,428
2007_001630.jpg,3,375,500,bicycle,149,358,340,500
2007_009327.jpg,3,334,500,person,117,79,258,403
2007_009327.jpg,3,334,500,dog,67,273,113,334
2007_000636.jpg,3,500,335,train,79,96,392,300
2007_000332.jpg,3,500,333,horse,54,50,285,262
2007_005857.jpg,3,375,500,pottedplant,183,133,277,302
2007_005857.jpg,3,375,500,pottedplant,86,134,175,306
2007_001834.jpg,3,500,334,diningtable,46,39,456,304
2007_002024.jpg,3,500,375,bus,337,124,500,273
2007_002024.jpg,3,500,375,bus,104,88,343,301
2007_002024.jpg,3,500,375,bus,1,109,71,297
2007_002024.jpg,3,500,375,person,174,160,207,199
2007_001709.jpg,3,500,333,person,367,132,426,287
2007_001709.jpg,3,500,333,person,1,1,202,333
2007_001709.jpg,3,500,333,motorbike,1,45,412,333
2007_001299.jpg,3,429,500,cow,39,26,229,412
2007_001299.jpg,3,429,500,cow,211,240,319,408
2007_001299.jpg,3,429,500,cow,318,221,408,435
2007_006761.jpg,3,500,375,cow,131,193,348,322
2007_009209.jpg,3,500,375,motorbike,139,105,274,213
2007_009209.jpg,3,500,375,person,146,86,225,202
2007_008468.jpg,3,320,240,sofa,51,122,172,197
2007_008468.jpg,3,320,240,chair,217,155,314,227
2007_008468.jpg,3,320,240,chair,243,128,293,169
2007_008468.jpg,3,320,240,chair,224,109,242,139
2007_008468.jpg,3,320,240,chair,209,105,228,133
2007_008468.jpg,3,320,240,pottedplant,150,86,183,149
2007_008157.jpg,3,500,330,person,397,107,498,327
2007_008157.jpg,3,500,330,person,353,68,451,296
2007_008157.jpg,3,500,330,person,261,87,403,330
2007_007726.jpg,3,345,500,train,22,18,324,454
2007_007726.jpg,3,345,500,person,7,273,22,305
2007_007726.jpg,3,345,500,person,333,292,345,374
2007_007726.jpg,3,345,500,person,301,354,332,391
2007_006901.jpg,3,500,500,person,111,56,217,277
2007_006901.jpg,3,500,500,person,266,77,396,283
2007_006117.jpg,3,375,500,person,2,60,312,500
2007_007891.jpg,3,333,500,person,22,24,318,365
2007_009684.jpg,3,500,375,sofa,192,148,500,375
2007_009684.jpg,3,500,375,person,57,64,380,375
2007_005988.jpg,3,500,375,dog,332,186,413,225
2007_005988.jpg,3,500,375,dog,97,167,165,222
2007_005988.jpg,3,500,375,person,37,66,95,232
2007_005988.jpg,3,500,375,person,346,48,455,252
2007_005988.jpg,3,500,375,car,446,68,500,142
2007_005988.jpg,3,500,375,car,1,90,23,141
2007_009096.jpg,3,344,208,car,11,35,339,188
2007_001397.jpg,3,333,500,dog,128,121,214,263
2007_009783.jpg,3,500,332,person,191,119,305,296
2007_001724.jpg,3,275,315,horse,35,15,219,302
2007_007016.jpg,3,500,375,person,166,82,244,348
2007_007016.jpg,3,500,375,person,246,82,333,198
2007_007016.jpg,3,500,375,person,360,61,430,290
2007_002619.jpg,3,380,500,aeroplane,26,15,345,476
2007_009419.jpg,3,500,333,pottedplant,52,68,134,195
2007_009419.jpg,3,500,333,pottedplant,145,207,181,277
2007_008446.jpg,3,375,500,person,96,43,281,334
2007_008446.jpg,3,375,500,person,112,205,287,465
2007_001423.jpg,3,500,333,person,124,56,382,333
2007_003745.jpg,3,450,480,person,71,37,251,465
2007_008403.jpg,3,499,500,cat,229,17,499,385
2007_009709.jpg,3,375,500,bottle,257,1,375,498
2007_009709.jpg,3,375,500,bottle,132,2,271,495
2007_009709.jpg,3,375,500,bottle,1,1,141,489
2007_001704.jpg,3,500,375,tvmonitor,118,1,405,317
2007_006066.jpg,3,500,333,sofa,343,235,500,333
2007_006066.jpg,3,500,333,chair,47,266,204,332
2007_006066.jpg,3,500,333,tvmonitor,150,120,339,264
2007_000925.jpg,3,500,353,sheep,29,101,216,343
2007_000925.jpg,3,500,353,sheep,309,105,460,333
2007_006786.jpg,3,500,375,person,82,1,324,358
2007_006786.jpg,3,500,375,person,296,24,451,328
2007_009527.jpg,3,500,375,boat,74,13,286,255
2007_009527.jpg,3,500,375,boat,249,149,321,212
2007_009527.jpg,3,500,375,boat,88,201,500,375
2007_003194.jpg,3,500,333,dog,1,16,374,299
2007_004483.jpg,3,500,375,train,1,89,441,318
2007_000480.jpg,3,500,375,person,293,162,419,375
2007_000480.jpg,3,500,375,person,114,165,228,373
2007_000480.jpg,3,500,375,person,5,172,116,373
2007_000480.jpg,3,500,375,aeroplane,2,68,486,325
2007_006530.jpg,3,500,375,chair,40,176,192,282
2007_006530.jpg,3,500,375,sofa,216,180,500,330
2007_006530.jpg,3,500,375,chair,244,262,500,375
2007_006530.jpg,3,500,375,chair,47,167,77,208
2007_006530.jpg,3,500,375,chair,3,168,41,251
2007_006530.jpg,3,500,375,chair,59,159,85,175
2007_005064.jpg,3,500,375,bicycle,246,163,352,292
2007_005064.jpg,3,500,375,person,251,108,332,259
2007_007230.jpg,3,500,375,sheep,265,124,362,294
2007_007230.jpg,3,500,375,sheep,132,78,241,221
2007_008948.jpg,3,500,375,chair,3,159,182,323
2007_008948.jpg,3,500,375,chair,251,129,367,246
2007_008948.jpg,3,500,375,tvmonitor,474,123,500,201
2007_007080.jpg,3,500,333,person,104,2,377,323
2007_004988.jpg,3,500,342,aeroplane,2,14,500,306
2007_009899.jpg,3,500,375,dog,140,2,466,375
2007_003286.jpg,3,500,375,train,66,61,448,301
2007_000629.jpg,3,500,230,train,34,84,500,184
2007_000629.jpg,3,500,230,person,87,100,107,124
2007_001289.jpg,3,500,309,bird,157,98,355,188
2007_007098.jpg,3,500,469,cat,17,65,201,351
2007_007098.jpg,3,500,469,cat,167,162,499,465
2007_003529.jpg,3,500,333,diningtable,1,227,371,333
2007_003529.jpg,3,500,333,person,94,45,334,305
2007_000664.jpg,3,500,375,person,51,2,325,375
2007_002198.jpg,3,500,369,aeroplane,118,106,426,177
2007_007908.jpg,3,500,333,bus,191,2,500,333
2007_000039.jpg,3,500,375,tvmonitor,156,89,344,279
2007_008816.jpg,3,500,375,person,124,56,466,375
2007_003659.jpg,3,500,375,person,168,128,228,240
2007_005173.jpg,3,500,289,motorbike,13,67,227,255
2007_005173.jpg,3,500,289,motorbike,285,64,492,264
2007_005173.jpg,3,500,289,person,230,45,458,256
2007_005173.jpg,3,500,289,person,17,32,192,247
2007_005173.jpg,3,500,289,person,406,7,460,144
2007_005173.jpg,3,500,289,person,131,23,195,128
2007_005173.jpg,3,500,289,person,261,13,312,67
2007_005173.jpg,3,500,289,person,282,1,344,69
2007_005173.jpg,3,500,289,person,87,18,138,66
2007_005173.jpg,3,500,289,person,1,3,36,105
2007_005173.jpg,3,500,289,person,459,28,500,141
2007_005173.jpg,3,500,289,person,349,1,395,76
2007_005173.jpg,3,500,289,person,391,1,419,54
2007_005173.jpg,3,500,289,person,174,1,215,80
2007_005173.jpg,3,500,289,person,135,1,175,33
2007_005173.jpg,3,500,289,person,109,1,142,53
2007_005173.jpg,3,500,289,person,63,1,107,60
2007_009221.jpg,3,500,333,cat,57,65,421,277
2007_003621.jpg,3,500,343,bicycle,199,153,328,271
2007_003621.jpg,3,500,343,person,249,72,334,224
2007_003621.jpg,3,500,343,bus,441,62,492,120
2007_003621.jpg,3,500,343,bus,295,62,382,109
2007_006899.jpg,3,496,500,sheep,19,334,135,452
2007_006899.jpg,3,496,500,sheep,135,305,234,423
2007_006899.jpg,3,496,500,sheep,388,277,445,424
2007_000862.jpg,3,500,375,person,305,131,318,151
2007_000862.jpg,3,500,375,boat,304,142,354,160
2007_000572.jpg,3,500,331,bicycle,1,178,235,331
2007_000572.jpg,3,500,331,bicycle,8,134,226,297
2007_005691.jpg,3,220,500,person,3,1,218,500
2007_006136.jpg,3,500,332,sheep,54,183,166,262
2007_003788.jpg,3,500,281,cat,164,123,320,266
2007_003788.jpg,3,500,281,chair,1,1,500,281
2007_003711.jpg,3,500,396,car,132,278,166,329
2007_003711.jpg,3,500,396,bus,162,86,469,344
2007_003711.jpg,3,500,396,person,269,129,294,156
2007_003711.jpg,3,500,396,person,228,128,248,154
2007_003711.jpg,3,500,396,person,200,127,225,154
2007_003711.jpg,3,500,396,person,340,173,352,209
2007_003711.jpg,3,500,396,person,352,177,367,210
2007_003711.jpg,3,500,396,person,366,177,380,212
2007_003201.jpg,3,500,315,cow,1,53,166,260
2007_003201.jpg,3,500,315,cow,137,25,416,298
2007_003201.jpg,3,500,315,cow,320,30,500,261
2007_005212.jpg,3,500,333,motorbike,355,203,432,267
2007_005212.jpg,3,500,333,chair,432,213,466,291
2007_005212.jpg,3,500,333,sofa,431,239,500,333
2007_008430.jpg,3,500,333,person,81,12,464,333
2007_001487.jpg,3,500,375,boat,242,117,277,151
2007_001149.jpg,3,500,375,sofa,148,138,403,302
2007_001149.jpg,3,500,375,tvmonitor,75,85,146,153
2007_001149.jpg,3,500,375,pottedplant,1,7,142,375
2007_003541.jpg,3,375,500,person,195,18,335,500
2007_003541.jpg,3,375,500,person,34,72,222,500
2007_003541.jpg,3,375,500,chair,271,350,375,500
2007_002344.jpg,3,333,500,person,3,44,333,500
2007_006704.jpg,3,500,375,tvmonitor,34,1,341,213
2007_009612.jpg,3,375,500,person,15,108,346,500
2007_002648.jpg,3,500,375,sheep,104,157,302,372
2007_002648.jpg,3,500,375,sheep,239,148,350,225
2007_002648.jpg,3,500,375,sheep,38,100,255,267
2007_007109.jpg,3,500,332,horse,150,2,500,332
2007_007109.jpg,3,500,332,person,1,72,211,332
2007_004423.jpg,3,500,375,sheep,53,107,260,311
2007_004423.jpg,3,500,375,sheep,241,86,445,286
2007_004423.jpg,3,500,375,sheep,213,173,291,325
2007_005969.jpg,3,500,375,person,41,59,353,375
2007_005304.jpg,3,500,400,bottle,264,75,391,282
2007_005304.jpg,3,500,400,person,1,2,472,400
2007_006809.jpg,3,500,375,person,128,96,341,374
2007_002378.jpg,3,500,375,person,184,10,384,305
2007_002378.jpg,3,500,375,pottedplant,1,2,196,296
2007_002378.jpg,3,500,375,pottedplant,242,99,500,367
2007_002378.jpg,3,500,375,pottedplant,305,12,500,372
2007_002378.jpg,3,500,375,pottedplant,360,30,500,358
2007_002378.jpg,3,500,375,pottedplant,117,37,170,164
2007_003530.jpg,3,500,375,sofa,2,191,363,375
2007_003530.jpg,3,500,375,person,6,117,376,375
2007_003848.jpg,3,500,176,train,11,21,482,161
2007_004275.jpg,3,375,500,motorbike,93,171,375,500
2007_004275.jpg,3,375,500,person,127,45,255,248
2007_004275.jpg,3,375,500,pottedplant,307,132,340,196
2007_004275.jpg,3,375,500,pottedplant,340,132,371,199
2007_004275.jpg,3,375,500,pottedplant,322,32,372,98
2007_004189.jpg,3,500,333,dog,171,57,344,280
2007_004049.jpg,3,469,500,person,2,2,331,499
2007_004049.jpg,3,469,500,person,79,4,469,499
2007_007341.jpg,3,500,375,person,458,319,500,375
2007_007341.jpg,3,500,375,person,296,332,352,375
2007_007341.jpg,3,500,375,aeroplane,65,70,448,239
2007_003143.jpg,3,500,292,car,33,72,482,254
2007_004003.jpg,3,500,375,motorbike,45,50,472,315
2007_008778.jpg,3,500,375,bottle,367,1,426,149
2007_008778.jpg,3,500,375,person,1,2,187,375
2007_002216.jpg,3,500,340,bus,360,110,500,313
2007_002216.jpg,3,500,340,bus,65,104,396,319
2007_009253.jpg,3,500,390,person,42,25,284,390
2007_009253.jpg,3,500,390,person,157,48,475,390
2007_004998.jpg,3,500,375,cat,146,22,432,180
2007_009938.jpg,3,500,375,motorbike,137,55,320,340
2007_009938.jpg,3,500,375,car,242,1,325,52
2007_008013.jpg,3,306,500,person,132,79,287,372
2007_008396.jpg,3,500,375,person,10,79,355,286
2007_008396.jpg,3,500,375,person,205,2,500,344
2007_009649.jpg,3,500,375,person,324,188,434,336
2007_009649.jpg,3,500,375,person,302,128,405,340
2007_009649.jpg,3,500,375,person,277,75,364,212
2007_009649.jpg,3,500,375,person,197,138,297,258
2007_009649.jpg,3,500,375,person,196,96,307,335
2007_009649.jpg,3,500,375,person,116,86,290,347
2007_009649.jpg,3,500,375,person,53,86,344,375
2007_009649.jpg,3,500,375,tvmonitor,361,72,412,124
2007_009649.jpg,3,500,375,chair,385,72,495,283
2007_004193.jpg,3,500,375,tvmonitor,144,187,246,287
2007_004193.jpg,3,500,375,bottle,277,70,289,111
2007_004193.jpg,3,500,375,bottle,290,68,305,107
2007_004193.jpg,3,500,375,chair,216,289,380,375
2007_005600.jpg,3,500,335,aeroplane,132,161,368,225
2007_005600.jpg,3,500,335,aeroplane,255,136,319,165
2007_005600.jpg,3,500,335,person,100,195,114,226
2007_005600.jpg,3,500,335,person,88,195,102,224
2007_008714.jpg,3,500,333,aeroplane,15,68,479,293
2007_005705.jpg,3,375,500,boat,62,16,246,408
2007_009750.jpg,3,500,375,pottedplant,336,140,401,375
2007_009750.jpg,3,500,375,pottedplant,206,216,263,373
2007_009750.jpg,3,500,375,pottedplant,128,157,180,358
2007_009750.jpg,3,500,375,pottedplant,16,168,52,333
2007_009750.jpg,3,500,375,person,37,219,104,375
2007_004831.jpg,3,500,333,person,111,29,361,318
2007_007621.jpg,3,500,375,sheep,301,102,411,202
2007_007621.jpg,3,500,375,sheep,175,113,285,209
2007_004476.jpg,3,500,375,person,3,110,224,346
2007_004476.jpg,3,500,375,person,217,114,359,375
2007_004476.jpg,3,500,375,person,328,71,500,375
2007_004476.jpg,3,500,375,bottle,328,75,352,170
2007_004476.jpg,3,500,375,bottle,371,81,404,177
2007_004476.jpg,3,500,375,bottle,21,219,58,336
2007_007773.jpg,3,500,334,bus,153,277,211,311
2007_001586.jpg,3,480,398,horse,28,54,429,329
2007_001586.jpg,3,480,398,person,211,40,331,237
2007_007624.jpg,3,500,375,pottedplant,424,170,500,370
2007_007624.jpg,3,500,375,pottedplant,359,206,421,278
2007_007624.jpg,3,500,375,pottedplant,294,193,357,283
2007_007624.jpg,3,500,375,pottedplant,275,258,309,310
2007_007624.jpg,3,500,375,pottedplant,274,138,415,246
2007_007624.jpg,3,500,375,pottedplant,2,236,43,375
2007_007624.jpg,3,500,375,pottedplant,45,260,128,375
2007_007624.jpg,3,500,375,pottedplant,155,220,222,352
2007_007624.jpg,3,500,375,pottedplant,151,40,293,308
2007_002094.jpg,3,500,332,bird,72,1,335,331
2007_000323.jpg,3,500,375,person,277,3,500,375
2007_000323.jpg,3,500,375,person,12,3,305,375
2007_005688.jpg,3,500,334,cat,170,44,459,251
2007_005688.jpg,3,500,334,cat,72,123,387,334
2007_007877.jpg,3,500,375,person,3,4,282,373
2007_007877.jpg,3,500,375,person,194,103,428,375
2007_009665.jpg,3,500,332,person,118,145,155,259
2007_009665.jpg,3,500,332,horse,79,170,119,255
2007_009665.jpg,3,500,332,horse,340,116,453,175
2007_009665.jpg,3,500,332,horse,236,148,320,184
2007_009665.jpg,3,500,332,horse,193,152,245,185
2007_006317.jpg,3,500,375,bus,1,2,500,301
2007_006317.jpg,3,500,375,bicycle,239,209,478,375
2007_006317.jpg,3,500,375,person,249,67,396,368
2007_002470.jpg,3,417,500,cat,23,86,417,462
2007_005086.jpg,3,500,375,chair,158,184,257,262
2007_005086.jpg,3,500,375,person,39,145,144,375
2007_005086.jpg,3,500,375,person,269,42,498,372
2007_005086.jpg,3,500,375,diningtable,99,259,347,375
2007_000333.jpg,3,500,333,train,1,39,367,270
2007_005626.jpg,3,500,339,train,1,65,55,290
2007_005626.jpg,3,500,339,train,15,35,500,306
2007_005764.jpg,3,375,500,person,1,17,109,461
2007_009425.jpg,3,500,375,person,210,22,343,375
2007_003251.jpg,3,500,375,diningtable,120,159,392,340
2007_003251.jpg,3,500,375,chair,278,226,446,375
2007_003251.jpg,3,500,375,chair,258,158,353,283
2007_003251.jpg,3,500,375,chair,109,174,218,330
2007_003251.jpg,3,500,375,chair,135,148,202,233
2007_006559.jpg,3,335,500,person,59,98,278,479
2007_007530.jpg,3,378,500,tvmonitor,39,65,163,203
2007_007530.jpg,3,378,500,cat,183,61,326,167
2007_007530.jpg,3,378,500,chair,1,313,136,500
2007_006163.jpg,3,357,500,person,79,89,305,500
2007_007618.jpg,3,375,500,person,33,51,202,500
2007_000876.jpg,3,500,334,cat,117,31,376,329
2007_000876.jpg,3,500,334,cat,261,14,398,132
2007_009521.jpg,3,500,375,sofa,1,245,158,375
2007_009521.jpg,3,500,375,tvmonitor,472,189,500,267
2007_009521.jpg,3,500,375,chair,399,250,460,304
2007_009521.jpg,3,500,375,chair,412,305,500,375
2007_009521.jpg,3,500,375,diningtable,415,272,500,375
2007_007783.jpg,3,500,375,motorbike,1,2,489,375
2007_007783.jpg,3,500,375,person,466,92,500,226
2007_007783.jpg,3,500,375,bottle,470,206,496,279
2007_007783.jpg,3,500,375,person,295,1,353,103
2007_007783.jpg,3,500,375,person,211,1,297,115
2007_008106.jpg,3,375,500,chair,168,189,266,355
2007_008106.jpg,3,375,500,chair,280,222,367,385
2007_008106.jpg,3,375,500,pottedplant,288,232,306,259
2007_008106.jpg,3,375,500,chair,2,418,98,500
2007_008596.jpg,3,356,480,horse,142,128,239,426
2007_008596.jpg,3,356,480,person,120,72,266,290
2007_005911.jpg,3,500,375,bus,2,50,500,314
2007_009068.jpg,3,500,375,sofa,344,205,500,375
2007_009068.jpg,3,500,375,chair,131,217,293,337
2007_009068.jpg,3,500,375,chair,5,232,77,299
2007_009068.jpg,3,500,375,person,284,160,437,335
2007_009068.jpg,3,500,375,person,1,205,283,344
2007_009068.jpg,3,500,375,pottedplant,320,181,369,240
2007_005509.jpg,3,500,335,aeroplane,11,65,463,200
2007_005509.jpg,3,500,335,person,484,153,497,192
2007_005509.jpg,3,500,335,person,472,153,480,189
2007_005509.jpg,3,500,335,person,458,150,472,190
2007_005509.jpg,3,500,335,person,443,152,457,192
2007_005509.jpg,3,500,335,person,429,153,444,200
2007_005509.jpg,3,500,335,person,408,150,426,204
2007_005509.jpg,3,500,335,person,421,168,432,207
2007_005509.jpg,3,500,335,person,394,150,404,186
2007_005509.jpg,3,500,335,person,364,157,376,197
2007_005509.jpg,3,500,335,person,309,155,328,198
2007_005509.jpg,3,500,335,person,295,155,309,202
2007_005509.jpg,3,500,335,person,181,157,194,191
2007_005509.jpg,3,500,335,person,162,157,171,189
2007_005509.jpg,3,500,335,person,155,158,163,189
2007_005509.jpg,3,500,335,car,199,160,213,174
2007_005509.jpg,3,500,335,car,111,162,129,175
2007_005509.jpg,3,500,335,car,43,162,62,175
2007_005509.jpg,3,500,335,car,91,161,112,177
2007_005509.jpg,3,500,335,car,79,161,93,173
2007_005509.jpg,3,500,335,car,132,161,146,175
2007_005043.jpg,3,500,254,aeroplane,309,200,426,227
2007_001284.jpg,3,500,375,person,135,123,235,375
2007_001284.jpg,3,500,375,person,238,115,376,304
2007_001284.jpg,3,500,375,person,276,117,426,360
2007_001284.jpg,3,500,375,person,301,114,500,375
2007_001284.jpg,3,500,375,person,1,114,126,375
2007_001284.jpg,3,500,375,person,419,90,448,139
2007_001185.jpg,3,500,375,cat,197,199,289,323
2007_001185.jpg,3,500,375,person,78,78,289,375
2007_001185.jpg,3,500,375,diningtable,204,223,500,375
2007_001185.jpg,3,500,375,bottle,452,131,500,253
2007_006698.jpg,3,500,375,person,245,1,495,375
2007_006698.jpg,3,500,375,person,70,128,387,375
2007_000713.jpg,3,500,336,boat,80,168,254,312
2007_000713.jpg,3,500,336,boat,184,160,472,269
2007_000999.jpg,3,375,500,bottle,233,317,289,405
2007_000999.jpg,3,375,500,person,2,16,280,500
2007_000549.jpg,3,375,500,cat,1,49,341,499
2007_007083.jpg,3,332,500,person,40,120,253,412
2007_007818.jpg,3,500,375,bus,327,110,374,171
2007_007818.jpg,3,500,375,car,1,140,40,166
2007_007818.jpg,3,500,375,car,43,135,93,166
2007_007818.jpg,3,500,375,car,92,136,135,165
2007_007818.jpg,3,500,375,car,143,134,184,165
2007_007818.jpg,3,500,375,car,186,139,216,163
2007_007818.jpg,3,500,375,car,217,147,231,160
2007_007818.jpg,3,500,375,car,297,146,310,159
2007_007818.jpg,3,500,375,car,312,148,319,156
2007_007818.jpg,3,500,375,car,1,184,60,244
2007_002412.jpg,3,500,375,bird,274,181,305,220
2007_002412.jpg,3,500,375,bird,210,199,247,240
2007_006673.jpg,3,500,333,boat,394,42,445,234
2007_006673.jpg,3,500,333,boat,353,81,390,207
2007_006673.jpg,3,500,333,boat,309,52,372,246
2007_006673.jpg,3,500,333,boat,294,110,324,196
2007_006673.jpg,3,500,333,boat,242,70,275,212
2007_006673.jpg,3,500,333,boat,230,117,245,189
2007_006673.jpg,3,500,333,boat,214,112,239,201
2007_006673.jpg,3,500,333,boat,187,114,210,195
2007_006673.jpg,3,500,333,boat,171,107,206,223
2007_006673.jpg,3,500,333,boat,137,105,171,213
2007_006673.jpg,3,500,333,boat,43,224,71,234
2007_006673.jpg,3,500,333,boat,4,231,29,244
2007_003329.jpg,3,332,500,person,11,15,284,495
2007_004705.jpg,3,500,330,bus,394,181,455,226
2007_004705.jpg,3,500,330,car,1,206,104,270
2007_000727.jpg,3,375,500,bus,89,323,273,436
2007_000727.jpg,3,375,500,car,272,369,323,388
2007_000727.jpg,3,375,500,car,2,380,89,435
2007_000727.jpg,3,375,500,person,333,356,358,438
2007_000727.jpg,3,375,500,person,319,357,341,424
2007_000727.jpg,3,375,500,person,354,363,375,414
2007_000727.jpg,3,375,500,car,49,367,90,389
2007_000727.jpg,3,375,500,car,113,138,160,164
2007_003604.jpg,3,500,375,dog,62,103,500,375
2007_003604.jpg,3,500,375,tvmonitor,145,1,430,142
2007_009630.jpg,3,500,375,cat,338,159,404,308
2007_009630.jpg,3,500,375,pottedplant,295,95,331,142
2007_009630.jpg,3,500,375,pottedplant,331,103,362,142
2007_009630.jpg,3,500,375,pottedplant,370,92,419,147
2007_009630.jpg,3,500,375,bottle,47,145,73,213
2007_009630.jpg,3,500,375,bottle,20,156,47,216
2007_002262.jpg,3,500,333,person,93,36,467,333
2007_008339.jpg,3,500,375,train,73,150,350,239
2007_006553.jpg,3,366,500,chair,160,219,351,486
2007_002266.jpg,3,500,373,aeroplane,231,251,458,346
2007_002266.jpg,3,500,373,aeroplane,5,118,499,258
2007_008543.jpg,3,500,375,chair,358,195,472,302
2007_008543.jpg,3,500,375,sofa,2,213,131,372
2007_008543.jpg,3,500,375,sofa,232,299,461,375
2007_009251.jpg,3,500,333,horse,180,23,309,306
2007_009251.jpg,3,500,333,person,145,74,210,192
2007_007524.jpg,3,333,500,cat,52,47,333,472
2007_007836.jpg,3,500,375,bicycle,2,186,227,338
2007_007836.jpg,3,500,375,bicycle,328,192,500,332
2007_007836.jpg,3,500,375,person,355,117,500,313
2007_007836.jpg,3,500,375,person,2,124,144,330
2007_007836.jpg,3,500,375,person,228,31,263,121
2007_007836.jpg,3,500,375,person,273,40,295,116
2007_002046.jpg,3,454,500,horse,277,143,454,423
2007_002046.jpg,3,454,500,horse,1,67,269,433
2007_007698.jpg,3,500,333,aeroplane,185,142,327,210
2007_007763.jpg,3,500,375,person,366,71,497,375
2007_007763.jpg,3,500,375,person,256,69,377,285
2007_007763.jpg,3,500,375,person,139,103,207,253
2007_007763.jpg,3,500,375,person,162,79,272,266
2007_007763.jpg,3,500,375,person,49,178,163,375
2007_007763.jpg,3,500,375,person,110,196,244,375
2007_007763.jpg,3,500,375,person,203,216,393,375
2007_004538.jpg,3,480,367,person,215,35,308,224
2007_004538.jpg,3,480,367,horse,41,77,403,367
2007_002079.jpg,3,500,375,person,210,37,327,374
2007_002079.jpg,3,500,375,person,313,79,433,372
2007_004000.jpg,3,389,500,person,192,40,331,464
2007_004000.jpg,3,389,500,person,61,23,198,494
2007_006808.jpg,3,500,375,person,33,11,266,375
2007_005978.jpg,3,500,271,bus,1,117,210,240
2007_004951.jpg,3,500,375,train,51,142,500,262
2007_004951.jpg,3,500,375,train,17,162,82,253
2007_008547.jpg,3,450,338,pottedplant,330,170,443,298
2007_008547.jpg,3,450,338,pottedplant,240,63,377,295
2007_008547.jpg,3,450,338,pottedplant,150,46,255,300
2007_008547.jpg,3,450,338,pottedplant,25,155,108,249
2007_002895.jpg,3,500,375,person,388,194,419,339
2007_002895.jpg,3,500,375,person,415,192,447,338
2007_006614.jpg,3,326,500,person,175,276,320,500
2007_000830.jpg,3,500,375,diningtable,124,182,352,370
2007_000830.jpg,3,500,375,chair,150,221,259,375
2007_000830.jpg,3,500,375,chair,252,201,348,347
2007_000830.jpg,3,500,375,chair,250,175,318,248
2007_009897.jpg,3,500,375,cow,236,68,467,317
2007_009897.jpg,3,500,375,cow,125,146,267,294
2007_005314.jpg,3,500,375,motorbike,6,11,499,358
2007_007119.jpg,3,375,500,person,43,1,375,492
2007_005358.jpg,3,500,375,aeroplane,231,131,278,155
2007_005358.jpg,3,500,375,boat,15,357,46,367
2007_004712.jpg,3,500,375,person,101,106,380,375
2007_004712.jpg,3,500,375,diningtable,1,169,139,375
2007_004712.jpg,3,500,375,bottle,15,156,43,214
2007_004712.jpg,3,500,375,bottle,2,146,32,209
2007_004712.jpg,3,500,375,bottle,47,48,73,108
2007_004712.jpg,3,500,375,chair,335,150,370,241
2007_004712.jpg,3,500,375,chair,344,119,380,233
2007_004712.jpg,3,500,375,chair,205,135,262,255
2007_004712.jpg,3,500,375,chair,164,114,229,224
2007_004712.jpg,3,500,375,pottedplant,406,62,500,269
2007_006171.jpg,3,500,375,person,54,37,231,174
2007_006171.jpg,3,500,375,sofa,1,48,295,221
2007_006171.jpg,3,500,375,sofa,251,103,500,181
2007_006171.jpg,3,500,375,dog,2,166,412,315
2007_009153.jpg,3,375,500,person,3,107,375,500
2007_003668.jpg,3,500,333,diningtable,27,157,376,333
2007_009084.jpg,3,500,375,motorbike,43,77,481,375
2007_009084.jpg,3,500,375,dog,127,68,237,240
2007_009084.jpg,3,500,375,dog,1,217,98,375
2007_009084.jpg,3,500,375,person,434,35,461,135
2007_009084.jpg,3,500,375,person,435,17,472,68
2007_009084.jpg,3,500,375,person,380,27,415,91
2007_009084.jpg,3,500,375,person,366,47,385,96
2007_009084.jpg,3,500,375,chair,451,83,500,191
2007_009084.jpg,3,500,375,chair,369,83,437,180
2007_009084.jpg,3,500,375,chair,313,76,375,137
2007_002611.jpg,3,500,375,person,1,1,397,351
2007_002611.jpg,3,500,375,dog,152,131,337,298
2007_000738.jpg,3,500,332,aeroplane,1,124,496,235
2007_007930.jpg,3,500,375,dog,205,274,422,354
2007_008321.jpg,3,333,500,person,2,28,326,500
2007_009435.jpg,3,500,333,chair,376,141,500,294
2007_009435.jpg,3,500,333,sofa,1,138,252,328
2007_005702.jpg,3,333,500,bicycle,38,227,292,500
2007_005702.jpg,3,333,500,person,76,63,327,465
2007_005354.jpg,3,500,375,motorbike,230,114,330,221
2007_005354.jpg,3,500,375,motorbike,5,98,222,375
2007_005354.jpg,3,500,375,person,361,115,437,265
2007_005354.jpg,3,500,375,person,1,89,38,184
2007_005902.jpg,3,500,375,tvmonitor,47,141,149,245
2007_005902.jpg,3,500,375,tvmonitor,216,149,347,254
2007_005902.jpg,3,500,375,tvmonitor,344,131,482,277
2007_002545.jpg,3,375,500,person,75,43,206,496
2007_002545.jpg,3,375,500,bottle,181,62,211,132
2007_002545.jpg,3,375,500,sofa,3,27,248,394
2007_002545.jpg,3,375,500,sofa,242,77,375,280
2007_005469.jpg,3,500,333,sheep,43,101,500,333
2007_000783.jpg,3,480,437,person,201,57,325,259
2007_000783.jpg,3,480,437,horse,112,100,441,409
2007_004627.jpg,3,500,375,train,193,202,421,272
2007_004627.jpg,3,500,375,train,417,227,500,284
2007_000904.jpg,3,500,375,cow,237,167,338,263
2007_000904.jpg,3,500,375,person,17,113,165,238
2007_000904.jpg,3,500,375,horse,1,213,305,375
2007_003110.jpg,3,500,358,dog,213,127,275,266
2007_003110.jpg,3,500,358,dog,121,107,188,234
2007_001458.jpg,3,500,333,sofa,106,121,392,299
2007_000392.jpg,3,500,332,horse,100,96,355,324
2007_000392.jpg,3,500,332,person,198,58,286,197
2007_007523.jpg,3,500,332,bird,248,51,498,142
2007_003189.jpg,3,458,500,horse,175,170,271,334
2007_003189.jpg,3,458,500,person,163,54,289,284
2007_003189.jpg,3,458,500,pottedplant,177,328,268,477
2007_003189.jpg,3,458,500,pottedplant,143,285,214,348
2007_003189.jpg,3,458,500,pottedplant,90,269,139,359
2007_006660.jpg,3,500,400,car,47,273,295,378
2007_006660.jpg,3,500,400,boat,1,200,164,262
2007_006660.jpg,3,500,400,boat,276,1,500,292
2007_007606.jpg,3,500,375,person,119,41,415,375
2007_008526.jpg,3,375,500,horse,133,250,274,424
2007_008526.jpg,3,375,500,horse,255,246,316,385
2007_008526.jpg,3,375,500,person,57,218,86,258
2007_008526.jpg,3,375,500,person,82,203,101,242
2007_008526.jpg,3,375,500,person,100,176,156,280
2007_009562.jpg,3,357,500,dog,16,38,355,472
2007_005368.jpg,3,334,500,bicycle,27,346,254,500
2007_005368.jpg,3,334,500,person,9,18,323,500
2007_000175.jpg,3,500,332,sheep,25,34,419,271
2007_007211.jpg,3,500,375,motorbike,153,173,394,371
2007_003373.jpg,3,500,375,dog,232,160,441,329
2007_003373.jpg,3,500,375,person,176,1,330,196
2007_001340.jpg,3,500,375,dog,326,284,500,375
2007_001340.jpg,3,500,375,chair,213,48,406,266
2007_001340.jpg,3,500,375,person,150,140,252,375
2007_001340.jpg,3,500,375,person,92,111,331,374
2007_001677.jpg,3,500,375,diningtable,110,269,500,375
2007_001677.jpg,3,500,375,chair,52,230,140,375
2007_007336.jpg,3,375,500,person,46,189,149,472
2007_007336.jpg,3,375,500,person,226,203,325,478
2007_007203.jpg,3,500,375,tvmonitor,162,47,253,163
2007_007203.jpg,3,500,375,tvmonitor,47,1,162,188
2007_007203.jpg,3,500,375,person,308,132,429,299
2007_007203.jpg,3,500,375,chair,417,194,500,333
2007_009736.jpg,3,333,500,person,6,5,333,500
2007_001955.jpg,3,500,324,horse,247,183,296,239
2007_001955.jpg,3,500,324,horse,212,178,248,226
2007_000423.jpg,3,500,375,person,51,80,122,266
2007_000423.jpg,3,500,375,person,367,92,461,315
2007_002789.jpg,3,500,314,person,376,128,427,222
2007_002789.jpg,3,500,314,cow,50,130,174,219
2007_002789.jpg,3,500,314,cow,195,170,205,187
2007_002789.jpg,3,500,314,cow,220,172,241,189
2007_002789.jpg,3,500,314,cow,478,196,500,206
2007_002789.jpg,3,500,314,cow,461,194,479,208
2007_002789.jpg,3,500,314,cow,454,191,479,198
2007_002789.jpg,3,500,314,cow,415,188,429,198
2007_002789.jpg,3,500,314,cow,375,188,397,198
2007_002789.jpg,3,500,314,car,459,174,485,184
2007_002789.jpg,3,500,314,car,376,175,402,182
2007_002789.jpg,3,500,314,car,314,173,337,184
2007_002789.jpg,3,500,314,car,239,173,259,182
2007_009331.jpg,3,500,375,horse,1,1,58,193
2007_009331.jpg,3,500,375,person,57,22,125,256
2007_009331.jpg,3,500,375,dog,100,168,217,293
2007_009331.jpg,3,500,375,dog,260,195,360,266
2007_009331.jpg,3,500,375,dog,331,196,412,281
2007_007003.jpg,3,500,375,bus,188,216,327,287
2007_007003.jpg,3,500,375,car,1,242,83,337
2007_007003.jpg,3,500,375,car,38,256,235,375
2007_007003.jpg,3,500,375,car,196,256,313,363
2007_007003.jpg,3,500,375,car,396,276,500,368
2007_002597.jpg,3,500,375,cat,88,173,422,375
2007_002597.jpg,3,500,375,dog,51,21,388,248
2007_009706.jpg,3,500,375,diningtable,114,223,469,375
2007_003118.jpg,3,500,333,bird,207,21,286,108
2007_003118.jpg,3,500,333,bird,361,153,461,220
2007_003118.jpg,3,500,333,bird,298,174,373,248
2007_003118.jpg,3,500,333,person,125,73,391,333
2007_003118.jpg,3,500,333,person,362,206,472,333
2007_007947.jpg,3,500,333,train,2,157,327,212
2007_005915.jpg,3,500,375,sheep,266,137,355,214
2007_005915.jpg,3,500,375,sheep,202,73,327,213
2007_007398.jpg,3,500,283,bus,1,1,499,265
2007_007398.jpg,3,500,283,person,344,64,434,280
2007_001416.jpg,3,500,328,sheep,208,78,401,192
2007_001416.jpg,3,500,328,sheep,19,71,183,195
2007_001416.jpg,3,500,328,sheep,1,106,121,249
2007_001416.jpg,3,500,328,sheep,1,185,324,328
2007_001416.jpg,3,500,328,sheep,330,26,472,106
2007_001416.jpg,3,500,328,sheep,27,13,252,134
2007_003917.jpg,3,500,375,car,121,1,500,216
2007_009030.jpg,3,500,375,aeroplane,2,81,421,317
2007_005107.jpg,3,500,375,bicycle,54,195,273,337
2007_005107.jpg,3,500,375,person,271,138,288,192
2007_008945.jpg,3,500,333,diningtable,5,172,500,333
2007_008945.jpg,3,500,333,person,158,28,320,224
2007_007432.jpg,3,500,375,tvmonitor,418,153,498,220
2007_007432.jpg,3,500,375,chair,19,279,175,375
2007_007432.jpg,3,500,375,chair,14,238,117,315
2007_001627.jpg,3,375,500,person,104,7,280,475
2007_006549.jpg,3,375,500,boat,176,20,247,68
2007_003131.jpg,3,500,334,boat,340,214,410,330
2007_009618.jpg,3,500,375,bicycle,183,230,305,311
2007_009618.jpg,3,500,375,bicycle,391,273,500,321
2007_009618.jpg,3,500,375,person,191,170,251,309
2007_005748.jpg,3,500,375,person,336,1,463,201
2007_005748.jpg,3,500,375,person,128,66,414,375
2007_005248.jpg,3,500,375,person,440,181,459,234
2007_005248.jpg,3,500,375,horse,1,163,129,374
2007_006865.jpg,3,500,333,bird,29,16,312,287
2007_004770.jpg,3,335,500,person,83,2,335,500
2007_006282.jpg,3,500,334,person,119,98,312,334
2007_009738.jpg,3,375,500,person,187,255,311,474
2007_006035.jpg,3,500,281,car,270,244,344,275
2007_006035.jpg,3,500,281,car,349,249,425,273
2007_006035.jpg,3,500,281,car,438,249,500,274
2007_006035.jpg,3,500,281,car,151,251,225,274
2007_006035.jpg,3,500,281,car,86,247,150,272
2007_006035.jpg,3,500,281,car,19,249,80,271
2007_000676.jpg,3,500,375,sheep,59,94,472,270
2007_002268.jpg,3,500,375,dog,65,256,242,354
2007_002268.jpg,3,500,375,cat,288,186,378,249
2007_002268.jpg,3,500,375,sofa,6,188,493,375
2007_007480.jpg,3,500,305,bus,95,11,468,303
2007_007480.jpg,3,500,305,person,82,93,139,269
2007_003349.jpg,3,500,333,bird,88,55,327,289
2007_004500.jpg,3,480,360,cow,60,105,253,241
2007_004500.jpg,3,480,360,cow,2,128,151,270
2007_008218.jpg,3,500,375,person,194,90,495,375
2007_008218.jpg,3,500,375,person,124,334,164,375
2007_008218.jpg,3,500,375,person,100,273,139,361
2007_006232.jpg,3,500,333,aeroplane,86,145,482,282
2007_004328.jpg,3,500,311,person,44,117,147,265
2007_004713.jpg,3,500,375,person,60,3,500,375
2007_002445.jpg,3,360,500,cat,13,89,349,490
2007_006699.jpg,3,375,500,diningtable,4,269,375,500
2007_006699.jpg,3,375,500,person,38,3,375,274
2007_006373.jpg,3,375,500,sofa,235,371,374,500
2007_006373.jpg,3,375,500,person,15,281,56,471
2007_007871.jpg,3,500,375,person,8,76,212,375
2007_007871.jpg,3,500,375,person,92,100,334,375
2007_007871.jpg,3,500,375,person,250,62,500,375
2007_003188.jpg,3,500,375,bicycle,54,125,320,375
2007_003188.jpg,3,500,375,person,257,4,435,375
2007_004795.jpg,3,480,360,person,226,122,301,292
2007_002565.jpg,3,500,375,train,1,19,460,348
2007_002565.jpg,3,500,375,person,258,175,334,336
2007_003330.jpg,3,500,333,bird,268,96,375,247
2007_003330.jpg,3,500,333,bird,166,70,238,146
2007_009655.jpg,3,375,500,sofa,24,113,375,500
2007_009655.jpg,3,375,500,person,25,93,375,295
2007_000491.jpg,3,500,334,cow,2,2,459,334
2007_006442.jpg,3,348,500,person,2,29,195,500
2007_006442.jpg,3,348,500,person,130,181,347,500
2007_000804.jpg,3,333,500,chair,94,243,153,304
2007_000804.jpg,3,333,500,chair,32,352,126,491
2007_000804.jpg,3,333,500,sofa,191,265,332,470
2007_003581.jpg,3,500,375,person,2,24,265,375
2007_003581.jpg,3,500,375,person,305,30,498,375
2007_003581.jpg,3,500,375,person,274,1,321,69
2007_005896.jpg,3,334,500,person,15,98,275,500
2007_009950.jpg,3,500,332,train,1,2,500,332
2007_009950.jpg,3,500,332,person,231,111,299,198
2007_009653.jpg,3,500,375,person,2,37,168,375
2007_009653.jpg,3,500,375,person,164,85,337,375
2007_009653.jpg,3,500,375,person,119,23,500,375
2007_005227.jpg,3,500,334,person,66,8,346,304
2007_004707.jpg,3,375,500,pottedplant,236,354,330,468
2007_004707.jpg,3,375,500,person,58,316,77,355
2007_005844.jpg,3,500,375,chair,76,67,216,312
2007_005844.jpg,3,500,375,chair,102,52,278,350
2007_005844.jpg,3,500,375,chair,199,84,320,292
2007_005844.jpg,3,500,375,chair,232,76,396,329
2007_005844.jpg,3,500,375,diningtable,157,110,390,361
2007_004065.jpg,3,500,375,bus,26,85,426,298
2007_004065.jpg,3,500,375,person,452,188,475,245
2007_004065.jpg,3,500,375,person,5,193,26,241
2007_004065.jpg,3,500,375,person,341,167,367,201
2007_007595.jpg,3,500,333,person,117,37,370,333
2007_007493.jpg,3,500,375,person,235,146,489,375
2007_007493.jpg,3,500,375,person,35,4,373,375
2007_007493.jpg,3,500,375,chair,361,269,500,375
2007_007493.jpg,3,500,375,bottle,1,191,22,291
2007_004517.jpg,3,421,500,person,2,98,355,500
2007_006364.jpg,3,500,344,horse,39,143,500,344
2007_006364.jpg,3,500,344,person,256,24,381,344
2007_006364.jpg,3,500,344,person,386,173,428,214
2007_000033.jpg,3,500,366,aeroplane,9,107,499,263
2007_000033.jpg,3,500,366,aeroplane,421,200,482,226
2007_000033.jpg,3,500,366,aeroplane,325,188,411,223
2007_001558.jpg,3,500,375,person,1,56,286,329
2007_001558.jpg,3,500,375,person,283,15,500,328
2007_004121.jpg,3,500,332,pottedplant,19,154,108,263
2007_004121.jpg,3,500,332,person,220,92,347,242
2007_004121.jpg,3,500,332,person,164,142,227,219
2007_005859.jpg,3,500,375,person,2,3,298,375
2007_008821.jpg,3,500,375,chair,82,209,150,252
2007_008821.jpg,3,500,375,pottedplant,171,34,256,259
2007_008821.jpg,3,500,375,pottedplant,231,200,306,266
2007_008821.jpg,3,500,375,sofa,39,250,500,374
2007_002539.jpg,3,500,333,bus,1,1,500,333
2007_002539.jpg,3,500,333,person,198,105,307,333
2007_001288.jpg,3,500,342,aeroplane,68,76,426,209
2007_001288.jpg,3,500,342,aeroplane,357,272,497,317
2007_001288.jpg,3,500,342,aeroplane,196,272,316,314
2007_000515.jpg,3,500,375,bicycle,1,199,40,293
2007_000515.jpg,3,500,375,person,1,85,29,279
2007_000515.jpg,3,500,375,car,64,164,151,210
2007_000515.jpg,3,500,375,car,147,167,186,200
2007_007084.jpg,3,500,374,bird,157,109,389,315
2007_006086.jpg,3,500,476,bottle,109,75,168,264
2007_006086.jpg,3,500,476,chair,294,128,479,272
2007_006086.jpg,3,500,476,diningtable,3,239,497,474
2007_006254.jpg,3,500,333,train,61,102,366,207
2007_009807.jpg,3,500,333,horse,191,61,474,332
2007_007165.jpg,3,375,500,sheep,173,329,375,500
2007_007165.jpg,3,375,500,sheep,162,341,269,441
2007_004081.jpg,3,500,375,cow,174,96,348,209
2007_004081.jpg,3,500,375,pottedplant,284,103,500,375
2007_002954.jpg,3,500,375,person,118,22,200,292
2007_002954.jpg,3,500,375,person,351,166,461,375
2007_006281.jpg,3,500,375,boat,1,206,172,337
2007_006281.jpg,3,500,375,boat,157,169,500,334
2007_003815.jpg,3,500,333,car,188,108,433,213
2007_003815.jpg,3,500,333,person,231,1,259,54
2007_003815.jpg,3,500,333,person,186,1,219,54
2007_003815.jpg,3,500,333,person,242,11,274,95
2007_003815.jpg,3,500,333,person,288,125,333,149
2007_005971.jpg,3,500,333,person,8,109,341,333
2007_001154.jpg,3,500,375,sofa,1,233,174,375
2007_001154.jpg,3,500,375,pottedplant,134,230,171,274
2007_001027.jpg,3,500,375,chair,203,174,254,273
2007_001027.jpg,3,500,375,chair,329,174,348,223
2007_001027.jpg,3,500,375,chair,256,189,306,292
2007_001027.jpg,3,500,375,chair,263,218,351,329
2007_001027.jpg,3,500,375,sofa,401,270,500,375
2007_001027.jpg,3,500,375,bicycle,58,156,94,218
2007_001027.jpg,3,500,375,tvmonitor,1,244,43,340
2007_007498.jpg,3,500,376,diningtable,1,3,309,376
2007_007498.jpg,3,500,376,person,124,2,500,376
2007_003503.jpg,3,500,334,car,456,191,500,237
2007_003503.jpg,3,500,334,car,1,187,106,244
2007_003503.jpg,3,500,334,bus,102,76,378,272
2007_003503.jpg,3,500,334,person,1,200,35,321
2007_003503.jpg,3,500,334,person,16,183,58,281
2007_000250.jpg,3,500,375,diningtable,1,170,474,375
2007_000250.jpg,3,500,375,bottle,97,124,150,297
2007_003022.jpg,3,500,333,horse,153,80,416,286
2007_003022.jpg,3,500,333,person,241,51,299,181
2007_001594.jpg,3,500,333,sheep,270,153,334,208
2007_001594.jpg,3,500,333,sheep,231,153,269,209
2007_001594.jpg,3,500,333,sheep,179,149,206,210
2007_001594.jpg,3,500,333,sheep,151,142,180,210
2007_001594.jpg,3,500,333,sheep,206,150,239,212
2007_001594.jpg,3,500,333,person,335,93,400,218
2007_001594.jpg,3,500,333,dog,253,177,302,238
2007_006647.jpg,3,500,375,person,179,66,272,290
2007_006647.jpg,3,500,375,person,172,38,317,349
2007_006647.jpg,3,500,375,person,276,2,426,252
2007_006647.jpg,3,500,375,motorbike,1,32,498,365
2007_003431.jpg,3,375,500,person,11,15,373,500
2007_003431.jpg,3,375,500,bottle,1,250,29,385
2007_003431.jpg,3,375,500,bottle,59,226,129,468
2007_008203.jpg,3,500,375,sofa,331,148,426,247
2007_008203.jpg,3,500,375,sofa,38,188,304,360
2007_006678.jpg,3,500,375,sheep,133,96,459,365
2007_003565.jpg,3,500,375,bird,280,218,500,317
2007_009413.jpg,3,500,500,chair,24,70,149,264
2007_009413.jpg,3,500,500,chair,234,111,334,235
2007_009413.jpg,3,500,500,chair,4,276,66,500
2007_009413.jpg,3,500,500,person,26,231,181,500
2007_009413.jpg,3,500,500,person,252,9,500,361
2007_009413.jpg,3,500,500,diningtable,48,333,500,500
2007_001321.jpg,3,500,333,car,1,98,456,333
2007_006981.jpg,3,500,375,person,183,94,253,273
2007_000559.jpg,3,500,370,bottle,36,250,79,354
2007_000559.jpg,3,500,370,tvmonitor,160,26,371,241
2007_008973.jpg,3,500,333,cow,271,43,444,279
2007_004133.jpg,3,500,334,person,97,18,224,334
2007_000661.jpg,3,500,375,sofa,119,177,331,278
2007_000661.jpg,3,500,375,pottedplant,65,90,170,197
2007_000661.jpg,3,500,375,chair,133,159,179,197
2007_003106.jpg,3,500,375,cat,208,238,404,324
2007_003106.jpg,3,500,375,person,185,15,401,374
2007_007470.jpg,3,500,333,aeroplane,143,32,371,277
2007_003137.jpg,3,500,375,bus,1,45,406,310
2007_004143.jpg,3,500,375,bird,146,68,441,351
2007_002281.jpg,3,500,238,car,1,30,387,213
2007_002281.jpg,3,500,238,person,189,54,214,96
2007_007007.jpg,3,500,374,person,112,203,291,374
2007_007007.jpg,3,500,374,person,1,2,298,281
2007_007007.jpg,3,500,374,diningtable,242,188,500,374
2007_007007.jpg,3,500,374,diningtable,385,117,498,199
2007_007007.jpg,3,500,374,bottle,198,79,217,129
2007_001901.jpg,3,375,500,chair,192,261,247,390
2007_001901.jpg,3,375,500,chair,292,255,312,415
2007_001901.jpg,3,375,500,chair,233,258,308,400
2007_001901.jpg,3,375,500,diningtable,238,266,312,413
2007_001901.jpg,3,375,500,sofa,4,284,173,497
2007_007235.jpg,3,500,333,bicycle,135,108,370,284
2007_007235.jpg,3,500,333,person,171,27,326,249
2007_005951.jpg,3,500,375,motorbike,185,62,498,301
2007_005951.jpg,3,500,375,person,329,36,468,272
2007_007815.jpg,3,500,368,car,31,45,401,286
2007_007815.jpg,3,500,368,person,238,44,309,126
2007_007815.jpg,3,500,368,person,135,55,210,130
2007_009446.jpg,3,500,375,tvmonitor,15,47,252,298
2007_007168.jpg,3,375,500,train,48,102,372,424
2007_008801.jpg,3,500,411,person,139,13,311,368
2007_008801.jpg,3,500,411,motorbike,426,1,500,171
2007_008801.jpg,3,500,411,car,401,1,500,88
2007_008801.jpg,3,500,411,car,193,1,390,79
2007_008801.jpg,3,500,411,car,95,14,311,99
2007_008994.jpg,3,500,375,motorbike,149,149,397,360
2007_008994.jpg,3,500,375,motorbike,2,158,132,345
2007_004289.jpg,3,500,375,tvmonitor,218,70,294,153
2007_004289.jpg,3,500,375,person,5,128,138,375
2007_004289.jpg,3,500,375,person,104,82,283,313
2007_004289.jpg,3,500,375,person,181,64,424,373
2007_002400.jpg,3,350,500,bird,2,27,305,499
2007_009252.jpg,3,500,369,sofa,40,200,500,369
2007_009252.jpg,3,500,369,pottedplant,325,29,423,155
2007_009252.jpg,3,500,369,chair,235,150,256,214
2007_009252.jpg,3,500,369,chair,154,154,221,220
2007_005450.jpg,3,357,500,person,7,123,342,500
2007_003205.jpg,3,333,500,person,28,76,306,376
2007_003205.jpg,3,333,500,chair,11,168,322,447
2007_007154.jpg,3,375,500,person,68,29,260,500
2007_003611.jpg,3,500,375,person,217,271,237,307
2007_003611.jpg,3,500,375,horse,215,281,235,326
2007_003525.jpg,3,500,375,cat,160,1,448,375
2007_009764.jpg,3,500,375,bus,242,131,482,340
2007_009764.jpg,3,500,375,bus,31,86,242,352
2007_008374.jpg,3,500,375,tvmonitor,258,223,320,294
2007_008374.jpg,3,500,375,tvmonitor,323,216,403,288
2007_008374.jpg,3,500,375,person,185,181,271,375
2007_008374.jpg,3,500,375,person,292,202,369,373
2007_003207.jpg,3,500,333,bottle,124,6,162,102
2007_003207.jpg,3,500,333,bottle,94,36,132,91
2007_003207.jpg,3,500,333,bottle,71,57,108,166
2007_003207.jpg,3,500,333,bottle,100,58,150,188
2007_003207.jpg,3,500,333,bottle,13,71,61,184
2007_003207.jpg,3,500,333,bottle,152,115,203,237
2007_003207.jpg,3,500,333,bottle,216,102,261,222
2007_003207.jpg,3,500,333,bottle,259,134,307,260
2007_003207.jpg,3,500,333,bottle,308,126,356,251
2007_003207.jpg,3,500,333,bottle,350,139,408,264
2007_009550.jpg,3,375,500,chair,24,320,87,412
2007_009550.jpg,3,375,500,chair,1,327,44,419
2007_009550.jpg,3,375,500,chair,217,298,255,366
2007_009550.jpg,3,375,500,chair,240,314,297,395
2007_009550.jpg,3,375,500,chair,314,362,375,496
2007_009550.jpg,3,375,500,chair,280,351,352,458
2007_009550.jpg,3,375,500,chair,299,316,352,346
2007_009550.jpg,3,375,500,chair,351,305,375,340
2007_009550.jpg,3,375,500,chair,261,299,303,318
2007_009550.jpg,3,375,500,diningtable,298,331,373,361
2007_009607.jpg,3,500,375,bird,128,129,363,284
2007_009607.jpg,3,500,375,bird,175,209,460,348
2007_004649.jpg,3,500,335,train,36,126,393,237
2007_004649.jpg,3,500,335,train,381,134,431,225
2007_004649.jpg,3,500,335,train,425,131,486,199
2007_009533.jpg,3,500,375,boat,155,123,318,196
2007_009533.jpg,3,500,375,boat,107,190,151,206
2007_003714.jpg,3,500,375,sheep,177,169,298,289
2007_003747.jpg,3,417,500,person,40,10,270,316
2007_007810.jpg,3,375,500,diningtable,3,132,373,498
2007_007810.jpg,3,375,500,person,80,1,337,127
2007_008256.jpg,3,480,423,person,176,52,278,224
2007_008256.jpg,3,480,423,horse,34,73,358,417
2007_000836.jpg,3,318,480,person,69,99,224,297
2007_000836.jpg,3,318,480,horse,93,162,226,442
2007_007878.jpg,3,375,500,cat,66,67,294,373
2007_007878.jpg,3,375,500,person,114,140,375,346
2007_007438.jpg,3,329,500,person,71,41,264,475
2007_001568.jpg,3,400,400,aeroplane,3,42,400,372
2007_007277.jpg,3,375,500,person,6,111,315,500
2007_009947.jpg,3,332,500,boat,115,92,250,321
2007_009947.jpg,3,332,500,person,165,288,186,312
2007_006212.jpg,3,500,373,aeroplane,7,151,475,339
2007_001764.jpg,3,500,375,cow,467,105,500,150
2007_001764.jpg,3,500,375,cow,278,103,349,147
2007_001764.jpg,3,500,375,cow,221,106,282,148
2007_001764.jpg,3,500,375,cow,134,103,223,148
2007_001764.jpg,3,500,375,cow,98,97,144,133
2007_001764.jpg,3,500,375,cow,2,112,11,140
2007_003786.jpg,3,500,281,bus,171,165,287,273
2007_001439.jpg,3,375,500,diningtable,4,324,375,500
2007_001439.jpg,3,375,500,chair,195,282,273,336
2007_009391.jpg,3,343,500,person,82,146,228,406
2007_000061.jpg,3,500,333,boat,274,11,437,279
2007_000061.jpg,3,500,333,boat,184,214,281,252
2007_007940.jpg,3,500,375,person,90,16,383,375
2007_004481.jpg,3,500,411,car,42,167,465,376
2007_004481.jpg,3,500,411,person,150,81,250,243
2007_004481.jpg,3,500,411,person,268,115,358,239
2007_006837.jpg,3,500,320,sheep,205,208,254,237
2007_006837.jpg,3,500,320,sheep,99,210,120,232
2007_006837.jpg,3,500,320,sheep,25,195,63,238
2007_007477.jpg,3,431,500,boat,259,30,421,154
2007_006260.jpg,3,500,375,cat,100,56,500,233
2007_002361.jpg,3,375,500,pottedplant,21,199,148,486
2007_002361.jpg,3,375,500,person,294,296,375,500
2007_003104.jpg,3,500,375,person,64,71,161,368
2007_005294.jpg,3,500,375,bottle,135,2,483,375
2007_003889.jpg,3,480,318,horse,345,75,427,295
2007_003889.jpg,3,480,318,horse,157,79,282,294
2007_003889.jpg,3,480,318,horse,52,105,138,297
2007_003889.jpg,3,480,318,person,337,32,439,193
2007_003889.jpg,3,480,318,person,122,35,239,188
2007_003889.jpg,3,480,318,person,1,58,102,308
2007_003889.jpg,3,480,318,person,51,48,123,196
2007_003889.jpg,3,480,318,chair,431,119,472,166
2007_004291.jpg,3,375,500,bottle,273,320,350,500
2007_004291.jpg,3,375,500,person,3,1,374,500
2007_008815.jpg,3,500,375,cat,2,30,230,364
2007_000762.jpg,3,500,375,diningtable,1,189,500,375
2007_000762.jpg,3,500,375,bottle,29,152,118,375
2007_000762.jpg,3,500,375,person,382,61,500,261
2007_000762.jpg,3,500,375,person,342,142,393,202
2007_000762.jpg,3,500,375,person,143,127,266,223
2007_000762.jpg,3,500,375,person,199,140,220,187
2007_000762.jpg,3,500,375,person,4,22,124,252
2007_000762.jpg,3,500,375,person,3,249,174,328
2007_000663.jpg,3,422,500,bus,12,2,417,467
2007_000663.jpg,3,422,500,car,7,39,63,94
2007_000663.jpg,3,422,500,car,362,24,422,53
2007_000663.jpg,3,422,500,car,376,36,422,81
2007_000663.jpg,3,422,500,car,373,68,422,108
2007_000663.jpg,3,422,500,car,376,98,422,210
2007_005460.jpg,3,500,402,cat,40,4,484,370
2007_005264.jpg,3,499,500,bird,207,93,457,500
2007_005264.jpg,3,499,500,bird,19,47,293,500
2007_008415.jpg,3,500,349,dog,267,139,379,310
2007_008415.jpg,3,500,349,dog,36,104,206,217
2007_000768.jpg,3,500,375,bus,369,103,475,283
2007_000768.jpg,3,500,375,bus,33,46,369,330
2007_009756.jpg,3,500,375,person,205,24,380,287
2007_009756.jpg,3,500,375,motorbike,118,82,420,316
2007_009346.jpg,3,500,375,cat,60,123,220,305
2007_009346.jpg,3,500,375,cat,243,105,437,317
2007_009788.jpg,3,500,375,bicycle,58,62,487,337
2007_009788.jpg,3,500,375,tvmonitor,461,79,487,114
2007_003957.jpg,3,500,332,train,15,73,413,253
2007_001667.jpg,3,500,333,person,251,115,298,217
2007_007355.jpg,3,375,500,motorbike,2,157,374,500
2007_007355.jpg,3,375,500,person,43,6,266,282
2007_007355.jpg,3,375,500,person,4,205,37,308
2007_000272.jpg,3,333,500,person,25,71,304,500
2007_007649.jpg,3,500,375,person,175,2,500,375
2007_007649.jpg,3,500,375,person,2,24,179,375
2007_007649.jpg,3,500,375,bottle,3,198,26,280
2007_007531.jpg,3,500,375,person,117,92,169,182
2007_007531.jpg,3,500,375,person,238,43,291,137
2007_007531.jpg,3,500,375,person,383,18,490,198
2007_002823.jpg,3,500,375,motorbike,93,227,448,375
2007_002823.jpg,3,500,375,person,213,149,327,344
2007_006134.jpg,3,500,375,horse,125,99,442,318
2007_001420.jpg,3,500,332,horse,192,109,340,270
2007_001420.jpg,3,500,332,person,281,80,364,268
2007_001420.jpg,3,500,332,pottedplant,436,148,500,306
2007_006661.jpg,3,500,333,bicycle,75,147,134,220
2007_006661.jpg,3,500,333,bicycle,191,147,213,188
2007_006661.jpg,3,500,333,person,77,96,132,210
2007_006661.jpg,3,500,333,person,144,111,175,188
2007_006661.jpg,3,500,333,person,182,123,215,186
2007_006661.jpg,3,500,333,bicycle,146,145,171,186
2007_006661.jpg,3,500,333,person,259,139,270,171
2007_006661.jpg,3,500,333,person,244,139,259,170
2007_006661.jpg,3,500,333,person,213,135,227,154
2007_006661.jpg,3,500,333,person,290,147,302,167
2007_006661.jpg,3,500,333,person,276,144,288,167
2007_006661.jpg,3,500,333,person,300,146,311,170
2007_007890.jpg,3,500,333,pottedplant,242,123,350,220
2007_007890.jpg,3,500,333,pottedplant,289,196,355,282
2007_004281.jpg,3,500,375,train,270,1,500,375
2007_004281.jpg,3,500,375,person,447,260,500,375
2007_002760.jpg,3,500,333,cat,256,28,500,277
2007_002760.jpg,3,500,333,cat,1,7,273,294
2007_001733.jpg,3,500,500,sheep,1,270,82,329
2007_001733.jpg,3,500,500,sheep,236,275,294,326
2007_001733.jpg,3,500,500,sheep,180,275,235,365
2007_001733.jpg,3,500,500,sheep,132,261,167,287
2007_001733.jpg,3,500,500,sheep,104,252,116,269
2007_001733.jpg,3,500,500,sheep,56,254,82,275
2007_001733.jpg,3,500,500,sheep,23,263,42,274
2007_001733.jpg,3,500,500,sheep,8,254,25,271
2007_001733.jpg,3,500,500,sheep,30,256,45,269
2007_001733.jpg,3,500,500,sheep,203,256,215,267
2007_001733.jpg,3,500,500,sheep,165,260,183,281
2007_001733.jpg,3,500,500,sheep,217,259,231,266
2007_001733.jpg,3,500,500,sheep,255,264,270,278
2007_001733.jpg,3,500,500,sheep,270,266,287,276
2007_001733.jpg,3,500,500,sheep,361,264,376,276
2007_001733.jpg,3,500,500,sheep,338,262,351,272
2007_001733.jpg,3,500,500,sheep,324,262,342,274
2007_001733.jpg,3,500,500,sheep,312,260,323,274
2007_001733.jpg,3,500,500,sheep,297,259,312,274
2007_007031.jpg,3,375,500,person,1,86,140,489
2007_007031.jpg,3,375,500,person,262,122,370,465
2007_002896.jpg,3,375,500,bird,124,71,253,500
2007_008747.jpg,3,375,500,bus,43,49,309,261
2007_008747.jpg,3,375,500,car,320,144,375,190
2007_007021.jpg,3,500,373,chair,99,18,209,127
2007_007021.jpg,3,500,373,chair,271,34,397,154
2007_007021.jpg,3,500,373,bottle,280,52,305,166
2007_007021.jpg,3,500,373,bottle,304,55,338,168
2007_007021.jpg,3,500,373,diningtable,3,109,480,369
2007_005759.jpg,3,500,375,motorbike,348,180,461,245
2007_005759.jpg,3,500,375,motorbike,217,180,305,239
2007_005759.jpg,3,500,375,motorbike,130,183,206,232
2007_005759.jpg,3,500,375,motorbike,51,184,113,234
2007_005759.jpg,3,500,375,person,160,153,184,192
2007_005759.jpg,3,500,375,person,187,155,213,214
2007_005759.jpg,3,500,375,person,129,157,150,196
2007_009759.jpg,3,500,329,bird,3,3,433,328
2007_000363.jpg,3,500,333,bird,59,15,220,239
2007_000363.jpg,3,500,333,bird,161,122,500,333
2007_003580.jpg,3,398,500,person,1,6,352,500
2007_005331.jpg,3,318,480,horse,71,142,291,448
2007_005331.jpg,3,318,480,person,101,84,245,304
2007_005331.jpg,3,318,480,car,84,87,161,140
2007_005331.jpg,3,318,480,car,34,92,82,138
2007_005331.jpg,3,318,480,car,1,91,40,140
2007_001587.jpg,3,500,375,bicycle,204,249,274,325
2007_003051.jpg,3,500,333,car,30,82,283,207
2007_003011.jpg,3,500,375,diningtable,1,303,238,375
2007_003011.jpg,3,500,375,chair,1,269,67,316
2007_003011.jpg,3,500,375,chair,92,291,249,375
2007_003011.jpg,3,500,375,sofa,198,192,385,258
2007_003011.jpg,3,500,375,sofa,274,218,478,374
2007_003011.jpg,3,500,375,chair,392,194,419,217
2007_003011.jpg,3,500,375,tvmonitor,35,141,142,243
2007_003011.jpg,3,500,375,tvmonitor,211,150,250,190
2007_002376.jpg,3,500,333,aeroplane,1,32,458,224
2007_002120.jpg,3,500,335,bird,228,35,347,90
2007_002120.jpg,3,500,335,person,64,24,496,334
2007_002967.jpg,3,336,500,pottedplant,167,1,255,255
2007_002967.jpg,3,336,500,pottedplant,7,153,153,266
2007_002967.jpg,3,336,500,pottedplant,142,333,237,436
2007_007020.jpg,3,375,500,person,54,176,129,430
2007_006303.jpg,3,500,371,cat,181,136,302,320
2007_006303.jpg,3,500,371,pottedplant,354,3,500,371
2007_008897.jpg,3,500,336,person,182,79,378,336
2007_008897.jpg,3,500,336,tvmonitor,435,1,500,43
2007_008897.jpg,3,500,336,chair,295,41,433,220
2007_004397.jpg,3,377,500,person,2,1,335,440
2007_004768.jpg,3,500,375,sheep,24,28,499,368
2007_007151.jpg,3,500,375,person,183,51,326,375
2007_000799.jpg,3,500,441,horse,95,23,500,441
2007_000799.jpg,3,500,441,person,230,225,500,441
2007_009458.jpg,3,473,500,bottle,2,20,111,98
2007_009458.jpg,3,473,500,bottle,113,13,202,110
2007_009458.jpg,3,473,500,bottle,202,24,290,113
2007_009458.jpg,3,473,500,bottle,288,40,364,107
2007_009458.jpg,3,473,500,bottle,338,14,402,66
2007_009458.jpg,3,473,500,bottle,380,52,465,103
2007_009458.jpg,3,473,500,bottle,397,5,473,65
2007_007103.jpg,3,336,500,person,154,274,248,382
2007_006615.jpg,3,500,375,person,1,49,345,375
2007_007772.jpg,3,500,375,cow,149,87,321,270
2007_007130.jpg,3,500,375,tvmonitor,106,96,192,188
2007_007130.jpg,3,500,375,tvmonitor,221,80,295,157
2007_007130.jpg,3,500,375,pottedplant,355,109,475,171
2007_008222.jpg,3,333,500,dog,49,98,276,422
2007_009082.jpg,3,500,375,cow,1,96,291,345
2007_001917.jpg,3,500,397,cow,191,167,266,210
2007_001917.jpg,3,500,397,cow,416,181,482,217
2007_001917.jpg,3,500,397,cow,341,173,420,220
2007_005547.jpg,3,500,375,cow,171,175,320,368
2007_005547.jpg,3,500,375,car,48,150,447,347
2007_005547.jpg,3,500,375,person,439,148,471,269
2007_002088.jpg,3,500,332,cow,1,30,470,332
2007_003134.jpg,3,500,366,person,64,86,184,317
2007_003134.jpg,3,500,366,person,160,72,300,284
2007_003134.jpg,3,500,366,person,270,1,483,366
2007_000170.jpg,3,500,375,bottle,87,100,109,165
2007_000170.jpg,3,500,375,bottle,41,114,73,181
2007_000170.jpg,3,500,375,bottle,324,148,352,206
2007_000170.jpg,3,500,375,bottle,426,157,443,195
2007_000170.jpg,3,500,375,person,3,91,43,206
2007_000170.jpg,3,500,375,person,4,28,461,372
2007_008140.jpg,3,500,375,pottedplant,388,80,485,237
2007_008140.jpg,3,500,375,pottedplant,429,1,450,38
2007_008140.jpg,3,500,375,pottedplant,103,1,137,43
2007_006866.jpg,3,480,392,person,221,44,331,218
2007_006866.jpg,3,480,392,horse,43,56,407,374
2007_006866.jpg,3,480,392,person,94,130,129,177
2007_002368.jpg,3,333,500,sofa,41,224,75,277
2007_002368.jpg,3,333,500,sofa,284,316,333,500
2007_002368.jpg,3,333,500,chair,34,269,112,387
2007_002368.jpg,3,333,500,chair,183,274,272,391
2007_002368.jpg,3,333,500,diningtable,135,263,256,403
2007_000847.jpg,3,375,500,diningtable,1,279,208,500
2007_000847.jpg,3,375,500,person,61,111,296,500
2007_001430.jpg,3,500,375,diningtable,1,269,250,374
2007_001430.jpg,3,500,375,person,100,154,235,286
2007_001430.jpg,3,500,375,person,211,146,303,352
2007_001430.jpg,3,500,375,person,245,154,398,374
2007_001430.jpg,3,500,375,pottedplant,56,174,100,220
2007_001430.jpg,3,500,375,tvmonitor,316,1,418,66
2007_001430.jpg,3,500,375,pottedplant,344,83,428,214
2007_003742.jpg,3,240,320,diningtable,2,198,240,320
2007_003742.jpg,3,240,320,person,2,24,181,236
2007_001872.jpg,3,500,375,sheep,153,22,355,342
2007_000720.jpg,3,500,333,dog,217,118,305,263
2007_005262.jpg,3,500,375,car,372,205,500,298
2007_005262.jpg,3,500,375,car,14,159,53,185
2007_005262.jpg,3,500,375,bus,80,114,342,241
2007_002284.jpg,3,375,500,pottedplant,18,1,106,88
2007_002284.jpg,3,375,500,pottedplant,1,40,25,84
2007_002284.jpg,3,375,500,pottedplant,120,19,216,116
2007_002284.jpg,3,375,500,pottedplant,176,48,234,125
2007_002284.jpg,3,375,500,pottedplant,169,121,240,243
2007_002284.jpg,3,375,500,pottedplant,110,278,250,493
2007_006587.jpg,3,500,375,person,213,31,288,198
2007_009817.jpg,3,500,375,bird,149,127,448,373
2007_009139.jpg,3,500,375,person,69,1,107,98
2007_009139.jpg,3,500,375,person,98,1,168,202
2007_009139.jpg,3,500,375,person,1,2,43,199
2007_009139.jpg,3,500,375,person,160,4,203,82
2007_009139.jpg,3,500,375,person,192,1,257,69
2007_009139.jpg,3,500,375,person,386,2,438,78
2007_009139.jpg,3,500,375,person,398,2,500,375
2007_009139.jpg,3,500,375,person,424,27,482,83
2007_009139.jpg,3,500,375,motorbike,111,42,437,374
2007_006046.jpg,3,500,332,boat,189,104,243,206
2007_006046.jpg,3,500,332,boat,261,126,306,204
2007_006046.jpg,3,500,332,boat,481,183,500,211
2007_005206.jpg,3,500,375,person,214,146,256,298
2007_008575.jpg,3,333,500,cat,19,2,333,500
2007_009910.jpg,3,321,500,person,183,75,321,483
2007_009910.jpg,3,321,500,person,76,220,193,391
2007_009794.jpg,3,372,500,cat,1,14,324,500
2007_002387.jpg,3,500,375,cow,246,170,342,244
2007_002387.jpg,3,500,375,person,220,153,250,252
2007_002387.jpg,3,500,375,person,194,128,214,166
2007_002387.jpg,3,500,375,person,160,130,188,167
2007_003715.jpg,3,500,375,bus,44,62,476,355
2007_005405.jpg,3,375,500,person,71,151,276,401
2007_005130.jpg,3,500,500,bird,115,131,324,433
2007_007534.jpg,3,500,375,sheep,203,155,426,375
2007_007534.jpg,3,500,375,sheep,1,32,294,375
2007_006076.jpg,3,375,500,bird,110,255,209,337
2007_006076.jpg,3,375,500,person,20,118,256,499
2007_001583.jpg,3,500,375,person,312,45,412,282
2007_001583.jpg,3,500,375,person,70,16,232,375
2007_006400.jpg,3,500,335,train,433,80,500,256
2007_006400.jpg,3,500,335,train,189,101,440,235
2007_006400.jpg,3,500,335,train,40,125,199,203
2007_004644.jpg,3,500,333,dog,1,26,186,260
